#PLT-Keyword;PlannedTransportID;PlannedTransportCode;PathSegmentCode;Departure;Arrival;Capacity;TotalPrice;Unnamed: 8;CapacityRelDiff001;CapacityRelDiff002;CapacityRelDiff003;CapacityRelDiff004;CapacityRelDiff005;CapacityRelDiff006;CapacityRelDiff007;CapacityRelDiff008;CapacityRelDiff009;CapacityRelDiff010;MeanRelDiff;StdRelDiff;AdjustedCapacity
PLT;1;transport0001;GER01PLANTGER02TERM-TRUCK-01;02/06/2025-00:00:00;04/06/2025-00:00:00;23.0;2070.0;;1.0869565217391304;0.9565217391304348;1.0869565217391304;1.173913043478261;1.2173913043478262;1.0869565217391304;1.0869565217391304;1.0;1.173913043478261;1.0;1.0869565217391304;0.08450654920065656;23.0
PLT;2;transport0002;GER01PLANTGER02TERM-TRUCK-01;03/06/2025-00:00:00;05/06/2025-00:00:00;18.0;1620.0;;1.1111111111111112;1.1111111111111112;1.0555555555555556;1.4444444444444444;1.1111111111111112;1.3888888888888888;0.8888888888888888;0.9444444444444444;0.9444444444444444;1.0555555555555556;1.1055555555555556;0.18229221781221797;16.61874007938008
PLT;3;transport0003;GER01PLANTGER02TERM-TRUCK-01;04/06/2025-00:00:00;06/06/2025-00:00:00;9.0;810.0;;0.8888888888888888;1.0;1.3333333333333333;0.8888888888888888;0.8888888888888888;0.8888888888888888;1.2222222222222223;1.2222222222222223;1.2222222222222223;1.0;1.0555555555555554;0.17568209223157666;7.918861169915807
PLT;4;transport0004;GER01PLANTGER02TERM-TRUCK-01;05/06/2025-00:00:00;07/06/2025-00:00:00;9.0;810.0;;1.3333333333333333;1.5555555555555556;0.7777777777777778;1.2222222222222223;0.8888888888888888;0.7777777777777778;1.3333333333333333;0.8888888888888888;1.0;1.2222222222222223;1.1;0.26937920808841753;7.475587127204243
PLT;5;transport0005;GER01PLANTGER02TERM-TRUCK-01;06/06/2025-00:00:00;08/06/2025-00:00:00;18.0;1620.0;;1.1666666666666667;1.0555555555555556;0.9444444444444444;1.0;1.1111111111111112;1.1111111111111112;1.1111111111111112;0.9444444444444444;1.0555555555555556;0.8888888888888888;1.038888888888889;0.09091064969358209;17.063608305515523
PLT;6;transport0006;GER01PLANTGER02TERM-TRUCK-01;09/06/2025-00:00:00;11/06/2025-00:00:00;23.0;2070.0;;0.8695652173913043;1.0869565217391304;1.173913043478261;0.9130434782608695;;0.9565217391304348;0.9130434782608695;1.1304347826086956;0.9130434782608695;1.0869565217391304;1.0048309178743962;0.11388575105436025;20.491738836860826
PLT;7;transport0007;GER01PLANTGER02TERM-TRUCK-01;10/06/2025-00:00:00;12/06/2025-00:00:00;18.0;1620.0;;1.0555555555555556;1.0;1.1111111111111112;1.0;1.2777777777777777;0.8888888888888888;1.2222222222222223;1.3333333333333333;1.2222222222222223;1.3888888888888888;1.15;0.16365593403915332;17.75419318729524
PLT;8;transport0008;GER01PLANTGER02TERM-TRUCK-01;11/06/2025-00:00:00;13/06/2025-00:00:00;9.0;810.0;;1.4444444444444444;1.1111111111111112;1.3333333333333333;1.5555555555555556;1.2222222222222223;1.5555555555555556;1.3333333333333333;0.8888888888888888;1.2222222222222223;1.3333333333333333;1.3000000000000003;0.20319802554585487;9.0
PLT;9;transport0009;GER01PLANTGER02TERM-TRUCK-01;12/06/2025-00:00:00;14/06/2025-00:00:00;9.0;810.0;;0.7777777777777778;1.2222222222222223;1.0;0.8888888888888888;1.0;1.4444444444444444;1.0;1.1111111111111112;0.8888888888888888;1.3333333333333333;1.0666666666666669;0.21081851067789195;7.702633403898974
PLT;10;transport0010;GER01PLANTGER02TERM-TRUCK-01;13/06/2025-00:00:00;15/06/2025-00:00:00;18.0;1620.0;;1.2777777777777777;0.8888888888888888;0.8888888888888888;1.2777777777777777;1.2222222222222223;1.1666666666666667;1.1111111111111112;0.8888888888888888;1.4444444444444444;1.1666666666666667;1.1333333333333333;0.19101921419596485;16.961654144472632
PLT;11;transport0011;GER01PLANTGER02TERM-TRUCK-01;16/06/2025-00:00:00;18/06/2025-00:00:00;23.0;2070.0;;1.0869565217391304;1.173913043478261;;1.0;1.2173913043478262;1.0;0.9130434782608695;1.0869565217391304;1.0434782608695652;1.0869565217391304;1.0676328502415457;0.09251554590437472;22.427697999754933
PLT;12;transport0012;GER01PLANTGER02TERM-TRUCK-01;17/06/2025-00:00:00;19/06/2025-00:00:00;18.0;1620.0;;1.1111111111111112;1.0;1.2777777777777777;1.1111111111111112;1.0;0.8888888888888888;0.9444444444444444;0.9444444444444444;1.1666666666666667;1.1111111111111112;1.0555555555555556;0.1200137166371826;16.839753100530714
PLT;13;transport0013;GER01PLANTGER02TERM-TRUCK-01;18/06/2025-00:00:00;20/06/2025-00:00:00;9.0;810.0;;1.1111111111111112;0.7777777777777778;1.4444444444444444;0.8888888888888888;1.2222222222222223;1.3333333333333333;1.1111111111111112;;1.2222222222222223;0.8888888888888888;1.1111111111111112;0.22222222222222224;8.0
PLT;14;transport0014;GER01PLANTGER02TERM-TRUCK-01;19/06/2025-00:00:00;21/06/2025-00:00:00;9.0;810.0;;0.7777777777777778;1.1111111111111112;1.0;0.8888888888888888;1.2222222222222223;0.7777777777777778;1.0;1.2222222222222223;1.3333333333333333;1.2222222222222223;1.0555555555555558;0.1977236713339132;7.720486957994783
PLT;15;transport0015;GER01PLANTGER02TERM-TRUCK-01;20/06/2025-00:00:00;22/06/2025-00:00:00;18.0;1620.0;;1.0;1.3888888888888888;1.3888888888888888;0.8888888888888888;1.1111111111111112;1.3888888888888888;1.4444444444444444;1.1666666666666667;0.8888888888888888;1.1666666666666667;1.1833333333333331;0.21284215575103121;17.468841196481435
PLT;16;transport0016;GER01PLANTGER02TERM-TRUCK-01;23/06/2025-00:00:00;25/06/2025-00:00:00;23.0;2070.0;;1.3478260869565217;;1.2173913043478262;1.2608695652173914;0.8695652173913043;1.0869565217391304;1.0;;1.0869565217391304;1.0869565217391304;1.1195652173913042;0.15195192326366547;22.255105764935692
PLT;17;transport0017;GER01PLANTGER02TERM-TRUCK-01;24/06/2025-00:00:00;26/06/2025-00:00:00;18.0;1620.0;;0.9444444444444444;1.3888888888888888;1.1111111111111112;1.1666666666666667;1.1666666666666667;1.1111111111111112;1.1111111111111112;1.1111111111111112;1.0555555555555556;0.8888888888888888;1.1055555555555556;0.13468960404420877;17.475587127204243
PLT;18;transport0018;GER01PLANTGER02TERM-TRUCK-01;25/06/2025-00:00:00;27/06/2025-00:00:00;9.0;810.0;;1.1111111111111112;1.0;0.8888888888888888;1.3333333333333333;;1.3333333333333333;1.2222222222222223;0.8888888888888888;1.3333333333333333;1.5555555555555556;1.1851851851851851;0.2290614236454256;8.605113853857835
PLT;19;transport0019;GER01PLANTGER02TERM-TRUCK-01;26/06/2025-00:00:00;28/06/2025-00:00:00;9.0;810.0;;0.7777777777777778;1.4444444444444444;0.7777777777777778;0.7777777777777778;1.4444444444444444;0.8888888888888888;1.2222222222222223;1.5555555555555556;1.3333333333333333;0.8888888888888888;1.1111111111111112;0.3186046395200973;7.132558244319124
PLT;20;transport0020;GER01PLANTGER02TERM-TRUCK-01;27/06/2025-00:00:00;29/06/2025-00:00:00;18.0;1620.0;;1.1111111111111112;1.1111111111111112;1.0555555555555556;1.1111111111111112;1.3333333333333333;1.0555555555555556;1.0;1.2222222222222223;1.0;1.0555555555555556;1.1055555555555556;0.10294031192360958;18.0
PLT;21;transport0021;GER01PLANTGER02TERM-TRUCK-01;30/06/2025-00:00:00;02/07/2025-00:00:00;23.0;2070.0;;1.0869565217391304;1.2173913043478262;0.8695652173913043;0.9565217391304348;1.1304347826086956;0.9130434782608695;1.0434782608695652;1.0869565217391304;1.0;1.0;1.0304347826086955;0.1046091735224266;21.293989008984184
PLT;22;transport0022;GER01PLANTGER02TERM-TRUCK-01;01/07/2025-00:00:00;03/07/2025-00:00:00;18.0;1620.0;;1.4444444444444444;;1.4444444444444444;0.8888888888888888;1.0555555555555556;;1.0;1.1111111111111112;;1.2777777777777777;1.1746031746031744;0.2185543867970675;17.208878180509924
PLT;23;transport0023;GER01PLANTGER02TERM-TRUCK-01;02/07/2025-00:00:00;04/07/2025-00:00:00;9.0;810.0;;1.1111111111111112;1.5555555555555556;1.5555555555555556;1.0;0.7777777777777778;1.2222222222222223;1.1111111111111112;1.2222222222222223;1.4444444444444444;1.0;1.2000000000000002;0.2555287157134865;8.500241558578624
PLT;24;transport0024;GER01PLANTGER02TERM-TRUCK-01;03/07/2025-00:00:00;05/07/2025-00:00:00;9.0;810.0;;1.2222222222222223;1.2222222222222223;0.7777777777777778;1.3333333333333333;1.1111111111111112;1.4444444444444444;1.0;0.7777777777777778;1.3333333333333333;1.2222222222222223;1.1444444444444446;0.22861184240016244;8.24249341839854
PLT;25;transport0025;GER01PLANTGER02TERM-TRUCK-01;04/07/2025-00:00:00;06/07/2025-00:00:00;18.0;1620.0;;1.0;1.2222222222222223;1.1111111111111112;1.3333333333333333;0.8888888888888888;1.1666666666666667;1.3888888888888888;1.1111111111111112;1.2222222222222223;0.9444444444444444;1.1388888888888888;0.16197088596792503;17.58452405257735
PLT;26;transport0026;GER01PLANTGER02TERM-TRUCK-01;07/07/2025-00:00:00;09/07/2025-00:00:00;23.0;2070.0;;;1.3043478260869565;1.1304347826086956;;1.1304347826086956;1.3043478260869565;;;1.3043478260869565;1.0434782608695652;1.202898550724638;0.11557914224566315;23.0
PLT;27;transport0027;GER01PLANTGER02TERM-TRUCK-01;08/07/2025-00:00:00;10/07/2025-00:00:00;18.0;1620.0;;1.2222222222222223;1.2777777777777777;0.8888888888888888;1.3888888888888888;1.1111111111111112;1.4444444444444444;1.3333333333333333;;1.2222222222222223;1.1111111111111112;1.2222222222222223;0.1689656258416172;18.0
PLT;28;transport0028;GER01PLANTGER02TERM-TRUCK-01;09/07/2025-00:00:00;11/07/2025-00:00:00;9.0;810.0;;;1.2222222222222223;1.0;;1.4444444444444444;1.1111111111111112;1.0;1.5555555555555556;1.1111111111111112;1.1111111111111112;1.1944444444444444;0.20358341806953426;8.917749237374192
PLT;29;transport0029;GER01PLANTGER02TERM-TRUCK-01;10/07/2025-00:00:00;12/07/2025-00:00:00;9.0;810.0;;1.1111111111111112;1.3333333333333333;1.5555555555555556;1.1111111111111112;1.2222222222222223;1.1111111111111112;1.3333333333333333;1.0;0.8888888888888888;1.0;1.1666666666666667;0.19772367133391316;8.720486957994781
PLT;30;transport0030;GER01PLANTGER02TERM-TRUCK-01;11/07/2025-00:00:00;13/07/2025-00:00:00;18.0;1620.0;;1.2777777777777777;0.9444444444444444;1.1666666666666667;1.1666666666666667;1.1666666666666667;0.8888888888888888;1.3888888888888888;1.2777777777777777;1.1666666666666667;1.2222222222222223;1.1666666666666665;0.15044515564140665;18.0
PLT;31;transport0031;GER01PLANTGER02TERM-TRUCK-01;14/07/2025-00:00:00;16/07/2025-00:00:00;23.0;2070.0;;1.3478260869565217;1.0869565217391304;1.0;1.3043478260869565;0.9565217391304348;1.0434782608695652;1.3043478260869565;1.173913043478261;1.0;1.0434782608695652;1.1260869565217393;0.14557824931997318;22.55170026564062
PLT;32;transport0032;GER01PLANTGER02TERM-TRUCK-01;15/07/2025-00:00:00;17/07/2025-00:00:00;18.0;1620.0;;1.0555555555555556;1.0;;1.0;1.1111111111111112;1.1111111111111112;1.0;1.1666666666666667;1.1111111111111112;1.1666666666666667;1.0802469135802468;0.06866850451014506;18.0
PLT;33;transport0033;GER01PLANTGER02TERM-TRUCK-01;16/07/2025-00:00:00;18/07/2025-00:00:00;9.0;810.0;;0.8888888888888888;1.2222222222222223;1.1111111111111112;1.4444444444444444;1.1111111111111112;1.5555555555555556;;1.3333333333333333;1.4444444444444444;1.2222222222222223;1.259259259259259;0.2078698548207745;9.0
PLT;34;transport0034;GER01PLANTGER02TERM-TRUCK-01;17/07/2025-00:00:00;19/07/2025-00:00:00;9.0;810.0;;1.3333333333333333;1.2222222222222223;1.3333333333333333;1.3333333333333333;0.7777777777777778;1.1111111111111112;1.0;1.3333333333333333;0.8888888888888888;1.2222222222222223;1.1555555555555554;0.20420812966059584;8.562126833054636
PLT;35;transport0035;GER01PLANTGER02TERM-TRUCK-01;18/07/2025-00:00:00;20/07/2025-00:00:00;18.0;1620.0;;1.1666666666666667;0.8888888888888888;1.3888888888888888;0.8888888888888888;1.3888888888888888;1.0555555555555556;1.0;1.0555555555555556;1.1666666666666667;0.8888888888888888;1.0888888888888888;0.1892154040658489;16.19412272681472
PLT;36;transport0036;GER01PLANTGER02TERM-TRUCK-01;21/07/2025-00:00:00;23/07/2025-00:00:00;23.0;2070.0;;1.0869565217391304;0.9130434782608695;1.3043478260869565;0.9565217391304348;0.9130434782608695;1.0434782608695652;1.1304347826086956;0.9130434782608695;0.9565217391304348;1.0869565217391304;1.0304347826086957;0.12642799123225731;20.79215620165808
PLT;37;transport0037;GER01PLANTGER02TERM-TRUCK-01;22/07/2025-00:00:00;24/07/2025-00:00:00;18.0;1620.0;;1.0;1.2222222222222223;1.1666666666666667;1.1666666666666667;0.9444444444444444;1.0;1.3888888888888888;1.1111111111111112;1.1666666666666667;;1.1296296296296295;0.13608276348795434;17.883843590550153
PLT;38;transport0038;GER01PLANTGER02TERM-TRUCK-01;23/07/2025-00:00:00;25/07/2025-00:00:00;9.0;810.0;;1.1111111111111112;0.7777777777777778;0.8888888888888888;1.1111111111111112;0.8888888888888888;1.0;1.3333333333333333;;0.7777777777777778;0.8888888888888888;0.9753086419753088;0.18238625558881674;7.136301477478428
PLT;39;transport0039;GER01PLANTGER02TERM-TRUCK-01;24/07/2025-00:00:00;26/07/2025-00:00:00;9.0;810.0;;1.1111111111111112;1.0;;1.4444444444444444;1.3333333333333333;1.0;1.2222222222222223;1.3333333333333333;1.5555555555555556;1.1111111111111112;1.2345679012345678;0.19598157859737705;9.0
PLT;40;transport0040;GER01PLANTGER02TERM-TRUCK-01;25/07/2025-00:00:00;27/07/2025-00:00:00;18.0;1620.0;;1.1111111111111112;1.3888888888888888;0.8888888888888888;1.1111111111111112;0.9444444444444444;1.2777777777777777;0.9444444444444444;1.2222222222222223;1.1111111111111112;1.3888888888888888;1.1388888888888888;0.1800205749557739;17.259629650796068
PLT;41;transport0041;GER01PLANTGER02TERM-TRUCK-01;28/07/2025-00:00:00;30/07/2025-00:00:00;23.0;2070.0;;0.9130434782608695;;1.2173913043478262;1.0;1.3043478260869565;0.9130434782608695;0.9565217391304348;1.1304347826086956;0.9565217391304348;1.2173913043478262;1.0676328502415457;0.15078733367162908;21.087446881108082
PLT;42;transport0042;GER01PLANTGER02TERM-TRUCK-01;29/07/2025-00:00:00;31/07/2025-00:00:00;18.0;1620.0;;1.1111111111111112;1.3333333333333333;;1.0;1.0;1.2777777777777777;1.0555555555555556;1.1666666666666667;0.9444444444444444;1.2777777777777777;1.1296296296296298;0.1416394309331329;17.783823576536943
PLT;43;transport0043;GER01PLANTGER02TERM-TRUCK-01;30/07/2025-00:00:00;01/08/2025-00:00:00;9.0;810.0;;1.1111111111111112;1.0;1.3333333333333333;1.0;1.0;1.3333333333333333;1.1111111111111112;;1.5555555555555556;1.1111111111111112;1.1728395061728394;0.19333900942426943;8.81550447073713
PLT;44;transport0044;GER01PLANTGER02TERM-TRUCK-01;31/07/2025-00:00:00;02/08/2025-00:00:00;9.0;810.0;;1.3333333333333333;1.3333333333333333;1.5555555555555556;0.8888888888888888;0.8888888888888888;1.2222222222222223;1.4444444444444444;1.0;0.7777777777777778;1.0;1.1444444444444444;0.2673345545573124;7.893989008984187
PLT;45;transport0045;GER01PLANTGER02TERM-TRAIN-01;03/06/2025-00:00:00;06/06/2025-00:00:00;14.0;0.0;;1.0714285714285714;1.0714285714285714;1.0714285714285714;;1.0714285714285714;;;1.0714285714285714;1.0714285714285714;1.0714285714285714;1.0714285714285714;0.0;14.0
PLT;46;transport0046;GER01PLANTGER02TERM-TRAIN-01;05/06/2025-00:00:00;08/06/2025-00:00:00;14.0;0.0;;;1.0714285714285714;1.0714285714285714;1.0714285714285714;1.0714285714285714;1.0714285714285714;;1.0714285714285714;1.0714285714285714;1.0714285714285714;1.0714285714285714;0.0;14.0
PLT;47;transport0047;GER01PLANTGER02TERM-TRAIN-01;10/06/2025-00:00:00;13/06/2025-00:00:00;14.0;0.0;;1.0714285714285714;1.0714285714285714;1.0714285714285714;1.0714285714285714;1.0714285714285714;1.0714285714285714;1.0714285714285714;;1.0714285714285714;1.0714285714285714;1.0714285714285714;0.0;14.0
PLT;48;transport0048;GER01PLANTGER02TERM-TRAIN-01;12/06/2025-00:00:00;15/06/2025-00:00:00;14.0;0.0;;;1.0714285714285714;1.0714285714285714;1.0714285714285714;;1.0714285714285714;1.0714285714285714;1.0714285714285714;1.0714285714285714;1.0714285714285714;1.0714285714285714;0.0;14.0
PLT;49;transport0049;GER01PLANTGER02TERM-TRAIN-01;17/06/2025-00:00:00;20/06/2025-00:00:00;14.0;0.0;;1.0714285714285714;1.0714285714285714;1.0714285714285714;;1.0714285714285714;1.0714285714285714;1.0714285714285714;1.0714285714285714;1.0714285714285714;;1.0714285714285714;0.0;14.0
PLT;50;transport0050;GER01PLANTGER02TERM-TRAIN-01;19/06/2025-00:00:00;22/06/2025-00:00:00;14.0;0.0;;1.0714285714285714;1.0714285714285714;1.0714285714285714;1.0714285714285714;1.0714285714285714;;1.0714285714285714;1.0714285714285714;;1.0714285714285714;1.0714285714285714;0.0;14.0
PLT;51;transport0051;GER01PLANTGER02TERM-TRAIN-01;24/06/2025-00:00:00;27/06/2025-00:00:00;14.0;0.0;;1.0714285714285714;1.0714285714285714;1.0714285714285714;1.0714285714285714;1.0714285714285714;1.0714285714285714;1.0714285714285714;1.0714285714285714;1.0714285714285714;1.0714285714285714;1.0714285714285714;0.0;14.0
PLT;52;transport0052;GER01PLANTGER02TERM-TRAIN-01;26/06/2025-00:00:00;29/06/2025-00:00:00;14.0;0.0;;1.0714285714285714;1.0714285714285714;1.0714285714285714;;1.0714285714285714;1.0714285714285714;1.0714285714285714;1.0714285714285714;1.0714285714285714;1.0714285714285714;1.0714285714285714;0.0;14.0
PLT;53;transport0053;GER01PLANTGER02TERM-TRAIN-01;01/07/2025-00:00:00;04/07/2025-00:00:00;14.0;0.0;;1.0714285714285714;1.0714285714285714;1.0714285714285714;1.0714285714285714;1.0714285714285714;1.0714285714285714;1.0714285714285714;;1.0714285714285714;;1.0714285714285714;0.0;14.0
PLT;54;transport0054;GER01PLANTGER02TERM-TRAIN-01;03/07/2025-00:00:00;06/07/2025-00:00:00;14.0;0.0;;1.0714285714285714;;1.0714285714285714;1.0714285714285714;1.0714285714285714;1.0714285714285714;1.0714285714285714;1.0714285714285714;1.0714285714285714;1.0714285714285714;1.0714285714285714;0.0;14.0
PLT;55;transport0055;GER01PLANTGER02TERM-TRAIN-01;08/07/2025-00:00:00;11/07/2025-00:00:00;14.0;0.0;;1.0714285714285714;1.0714285714285714;1.0714285714285714;1.0714285714285714;1.0714285714285714;1.0714285714285714;1.0714285714285714;1.0714285714285714;1.0714285714285714;1.0714285714285714;1.0714285714285714;0.0;14.0
PLT;56;transport0056;GER01PLANTGER02TERM-TRAIN-01;10/07/2025-00:00:00;13/07/2025-00:00:00;14.0;0.0;;;;1.0714285714285714;1.0714285714285714;;;1.0714285714285714;1.0714285714285714;1.0714285714285714;;1.0714285714285714;0.0;14.0
PLT;57;transport0057;GER01PLANTGER02TERM-TRAIN-01;15/07/2025-00:00:00;18/07/2025-00:00:00;14.0;0.0;;1.0714285714285714;1.0714285714285714;1.0714285714285714;1.0714285714285714;1.0714285714285714;;1.0714285714285714;;1.0714285714285714;;1.0714285714285714;0.0;14.0
PLT;58;transport0058;GER01PLANTGER02TERM-TRAIN-01;17/07/2025-00:00:00;20/07/2025-00:00:00;14.0;0.0;;1.0714285714285714;1.0714285714285714;1.0714285714285714;1.0714285714285714;1.0714285714285714;1.0714285714285714;1.0714285714285714;1.0714285714285714;;1.0714285714285714;1.0714285714285714;0.0;14.0
PLT;59;transport0059;GER01PLANTGER02TERM-TRAIN-01;22/07/2025-00:00:00;25/07/2025-00:00:00;14.0;0.0;;;1.0714285714285714;1.0714285714285714;1.0714285714285714;1.0714285714285714;1.0714285714285714;1.0714285714285714;1.0714285714285714;;1.0714285714285714;1.0714285714285714;0.0;14.0
PLT;60;transport0060;GER01PLANTGER02TERM-TRAIN-01;24/07/2025-00:00:00;27/07/2025-00:00:00;14.0;0.0;;1.0714285714285714;1.0714285714285714;1.0714285714285714;1.0714285714285714;;1.0714285714285714;1.0714285714285714;1.0714285714285714;1.0714285714285714;1.0714285714285714;1.0714285714285714;0.0;14.0
PLT;61;transport0061;GER01PLANTGER02TERM-TRAIN-01;29/07/2025-00:00:00;01/08/2025-00:00:00;14.0;0.0;;;1.0714285714285714;1.0714285714285714;1.0714285714285714;1.0714285714285714;1.0714285714285714;1.0714285714285714;1.0714285714285714;1.0714285714285714;1.0714285714285714;1.0714285714285714;0.0;14.0
PLT;62;transport0062;GER01PLANTGER02TERM-TRAIN-01;31/07/2025-00:00:00;03/08/2025-00:00:00;14.0;0.0;;1.0714285714285714;1.0714285714285714;1.0714285714285714;1.0714285714285714;1.0714285714285714;1.0714285714285714;1.0714285714285714;1.0714285714285714;;1.0714285714285714;1.0714285714285714;0.0;14.0
PLT;63;transport0063;GER01PLANTBEL01TERM-TRUCK-01;02/06/2025-00:00:00;04/06/2025-00:00:00;12.0;1080.0;;2.25;2.1666666666666665;;1.5833333333333333;1.8333333333333333;1.5;1.3333333333333333;1.4166666666666667;2.25;2.1666666666666665;1.8333333333333333;0.38188130791298663;12.0
PLT;64;transport0064;GER01PLANTBEL01TERM-TRUCK-01;03/06/2025-00:00:00;05/06/2025-00:00:00;12.0;1080.0;;2.0;1.4166666666666667;;1.5833333333333333;;;1.25;1.4166666666666667;;1.25;1.4861111111111114;0.28095406241089516;12.0
PLT;65;transport0065;GER01PLANTBEL01TERM-TRUCK-01;04/06/2025-00:00:00;06/06/2025-00:00:00;15.0;1350.0;;;;;1.3333333333333333;2.2;1.2666666666666666;;1.2666666666666666;;1.4666666666666666;1.5066666666666666;0.3960920207336788;15.0
PLT;66;transport0066;GER01PLANTBEL01TERM-TRUCK-01;05/06/2025-00:00:00;07/06/2025-00:00:00;12.0;1080.0;;2.25;1.5833333333333333;2.0;;2.25;2.25;2.25;;2.25;1.5833333333333333;2.052083333333333;0.30190368221228003;12.0
PLT;67;transport0067;GER01PLANTBEL01TERM-TRUCK-01;06/06/2025-00:00:00;08/06/2025-00:00:00;3.0;270.0;;2.3333333333333335;1.0;1.3333333333333333;2.3333333333333335;1.3333333333333333;1.0;3.0;3.0;2.6666666666666665;1.3333333333333333;1.9333333333333331;0.8134668985654723;3.0
PLT;68;transport0068;GER01PLANTBEL01TERM-TRUCK-01;09/06/2025-00:00:00;11/06/2025-00:00:00;12.0;1080.0;;1.4166666666666667;2.3333333333333335;;2.25;1.25;1.5;1.5;2.25;;1.3333333333333333;1.7291666666666665;0.46237396395091557;12.0
PLT;69;transport0069;GER01PLANTBEL01TERM-TRUCK-01;10/06/2025-00:00:00;12/06/2025-00:00:00;12.0;1080.0;;1.1666666666666667;1.3333333333333333;2.0833333333333335;;1.5833333333333333;1.5;;1.5;;1.4166666666666667;1.511904761904762;0.2863748976614082;12.0
PLT;70;transport0070;GER01PLANTBEL01TERM-TRUCK-01;11/06/2025-00:00:00;13/06/2025-00:00:00;15.0;1350.0;;;;;;1.4666666666666666;;;;;1.3333333333333333;1.4;0.09428090415820632;15.0
PLT;71;transport0071;GER01PLANTBEL01TERM-TRUCK-01;12/06/2025-00:00:00;14/06/2025-00:00:00;12.0;1080.0;;2.1666666666666665;1.5;1.9166666666666667;2.1666666666666665;1.5;1.25;;1.75;2.25;1.4166666666666667;1.7685185185185184;0.3721600279715072;12.0
PLT;72;transport0072;GER01PLANTBEL01TERM-TRUCK-01;13/06/2025-00:00:00;15/06/2025-00:00:00;3.0;270.0;;1.3333333333333333;1.3333333333333333;1.3333333333333333;1.3333333333333333;2.0;2.0;2.6666666666666665;1.6666666666666667;3.3333333333333335;1.3333333333333333;1.8333333333333328;0.6894263136661588;3.0
PLT;73;transport0073;GER01PLANTBEL01TERM-TRUCK-01;16/06/2025-00:00:00;18/06/2025-00:00:00;12.0;1080.0;;;1.25;1.8333333333333333;2.0;;1.9166666666666667;1.8333333333333333;1.5;2.3333333333333335;1.25;1.7395833333333333;0.3791110634269309;12.0
PLT;74;transport0074;GER01PLANTBEL01TERM-TRUCK-01;17/06/2025-00:00:00;19/06/2025-00:00:00;12.0;1080.0;;2.25;2.0;1.5;1.8333333333333333;2.0833333333333335;;2.0;;1.8333333333333333;;1.9285714285714286;0.2377974328028355;12.0
PLT;75;transport0075;GER01PLANTBEL01TERM-TRUCK-01;18/06/2025-00:00:00;20/06/2025-00:00:00;15.0;1350.0;;;2.2;;1.4;1.2666666666666666;;2.1333333333333333;;1.4;;1.6800000000000002;0.44820630170590975;15.0
PLT;76;transport0076;GER01PLANTBEL01TERM-TRUCK-01;19/06/2025-00:00:00;21/06/2025-00:00:00;12.0;1080.0;;2.0833333333333335;1.5;1.4166666666666667;;;1.9166666666666667;;1.9166666666666667;1.4166666666666667;2.3333333333333335;1.7976190476190477;0.35958162049657355;12.0
PLT;77;transport0077;GER01PLANTBEL01TERM-TRUCK-01;20/06/2025-00:00:00;22/06/2025-00:00:00;3.0;270.0;;2.0;1.3333333333333333;;1.0;;2.6666666666666665;1.0;1.6666666666666667;1.6666666666666667;3.0;1.7916666666666667;0.7332792187825949;3.0
PLT;78;transport0078;GER01PLANTBEL01TERM-TRUCK-01;23/06/2025-00:00:00;25/06/2025-00:00:00;12.0;1080.0;;2.0833333333333335;1.25;2.0;1.5;1.9166666666666667;1.8333333333333333;;;1.25;2.25;1.7604166666666667;0.3817189088803768;12.0
PLT;79;transport0079;GER01PLANTBEL01TERM-TRUCK-01;24/06/2025-00:00:00;26/06/2025-00:00:00;12.0;1080.0;;;1.4166666666666667;1.9166666666666667;2.25;1.25;1.8333333333333333;2.0;2.0833333333333335;1.4166666666666667;2.25;1.8240740740740742;0.3760273991855801;12.0
PLT;80;transport0080;GER01PLANTBEL01TERM-TRUCK-01;25/06/2025-00:00:00;27/06/2025-00:00:00;15.0;1350.0;;;;;;;;2.066666666666667;2.2666666666666666;1.4;1.4666666666666666;1.8000000000000003;0.43204937989385744;15.0
PLT;81;transport0081;GER01PLANTBEL01TERM-TRUCK-01;26/06/2025-00:00:00;28/06/2025-00:00:00;12.0;1080.0;;1.75;1.8333333333333333;1.8333333333333333;2.25;;;2.0;1.25;1.5;1.3333333333333333;1.71875;0.3390506704651344;12.0
PLT;82;transport0082;GER01PLANTBEL01TERM-TRUCK-01;27/06/2025-00:00:00;29/06/2025-00:00:00;3.0;270.0;;1.3333333333333333;2.0;2.0;1.3333333333333333;2.3333333333333335;2.3333333333333335;;1.3333333333333333;1.6666666666666667;1.0;1.7037037037037035;0.4843221048378527;3.0
PLT;83;transport0083;GER01PLANTBEL01TERM-TRUCK-01;30/06/2025-00:00:00;02/07/2025-00:00:00;12.0;1080.0;;2.25;;1.3333333333333333;1.25;2.25;2.25;1.25;1.25;1.3333333333333333;1.3333333333333333;1.6111111111111112;0.4805234414446165;12.0
PLT;84;transport0084;GER01PLANTBEL01TERM-TRUCK-01;01/07/2025-00:00:00;03/07/2025-00:00:00;12.0;1080.0;;1.8333333333333333;2.1666666666666665;1.25;1.5;2.1666666666666665;2.25;1.1666666666666667;1.5;1.25;;1.6759259259259258;0.43589874517986704;12.0
PLT;85;transport0085;GER01PLANTBEL01TERM-TRUCK-01;02/07/2025-00:00:00;04/07/2025-00:00:00;15.0;1350.0;;;1.9333333333333333;;;;2.2666666666666666;;;;;2.1;0.23570226039551578;15.0
PLT;86;transport0086;GER01PLANTBEL01TERM-TRUCK-01;03/07/2025-00:00:00;05/07/2025-00:00:00;12.0;1080.0;;1.3333333333333333;1.3333333333333333;1.9166666666666667;1.9166666666666667;;1.5;2.3333333333333335;2.0;2.25;1.8333333333333333;1.8240740740740742;0.36667718840122465;12.0
PLT;87;transport0087;GER01PLANTBEL01TERM-TRUCK-01;04/07/2025-00:00:00;06/07/2025-00:00:00;3.0;270.0;;0.6666666666666666;;;3.0;2.6666666666666665;1.3333333333333333;2.0;;2.6666666666666665;3.0;2.1904761904761902;0.8997354108424372;3.0
PLT;88;transport0088;GER01PLANTBEL01TERM-TRUCK-01;07/07/2025-00:00:00;09/07/2025-00:00:00;12.0;1080.0;;1.4166666666666667;1.4166666666666667;2.0;2.25;;1.3333333333333333;2.0;;1.5833333333333333;1.8333333333333333;1.7291666666666667;0.33850160019316505;12.0
PLT;89;transport0089;GER01PLANTBEL01TERM-TRUCK-01;08/07/2025-00:00:00;10/07/2025-00:00:00;12.0;1080.0;;2.0;1.5;2.25;1.4166666666666667;2.3333333333333335;;1.5;2.1666666666666665;1.5;1.9166666666666667;1.8425925925925928;0.3666771884012246;12.0
PLT;90;transport0090;GER01PLANTBEL01TERM-TRUCK-01;09/07/2025-00:00:00;11/07/2025-00:00:00;15.0;1350.0;;;;;;;;1.5333333333333334;;;1.3333333333333333;1.4333333333333333;0.14142135623730964;15.0
PLT;91;transport0091;GER01PLANTBEL01TERM-TRUCK-01;10/07/2025-00:00:00;12/07/2025-00:00:00;12.0;1080.0;;;2.1666666666666665;1.3333333333333333;1.4166666666666667;2.0833333333333335;2.1666666666666665;1.5833333333333333;1.75;;1.4166666666666667;1.7395833333333335;0.35477888262346663;12.0
PLT;92;transport0092;GER01PLANTBEL01TERM-TRUCK-01;11/07/2025-00:00:00;13/07/2025-00:00:00;3.0;270.0;;1.6666666666666667;2.6666666666666665;2.3333333333333335;;1.6666666666666667;1.0;1.3333333333333333;1.6666666666666667;2.0;;1.7916666666666665;0.5326632695523117;3.0
PLT;93;transport0093;GER01PLANTBEL01TERM-TRUCK-01;14/07/2025-00:00:00;16/07/2025-00:00:00;12.0;1080.0;;2.0833333333333335;1.5833333333333333;1.5;1.9166666666666667;2.1666666666666665;2.25;1.25;1.75;1.75;;1.8055555555555556;0.33071891388307384;12.0
PLT;94;transport0094;GER01PLANTBEL01TERM-TRUCK-01;15/07/2025-00:00:00;17/07/2025-00:00:00;12.0;1080.0;;1.9166666666666667;1.1666666666666667;1.4166666666666667;2.0833333333333335;1.5833333333333333;1.8333333333333333;;;2.0;2.3333333333333335;1.7916666666666667;0.38058017531299476;12.0
PLT;95;transport0095;GER01PLANTBEL01TERM-TRUCK-01;16/07/2025-00:00:00;18/07/2025-00:00:00;15.0;1350.0;;;;;1.4;;;;;;2.0;1.7;0.42426406871192857;15.0
PLT;96;transport0096;GER01PLANTBEL01TERM-TRUCK-01;17/07/2025-00:00:00;19/07/2025-00:00:00;12.0;1080.0;;2.3333333333333335;1.25;2.1666666666666665;1.25;;1.3333333333333333;1.8333333333333333;;2.0;1.5;1.7083333333333333;0.43186564636231084;12.0
PLT;97;transport0097;GER01PLANTBEL01TERM-TRUCK-01;18/07/2025-00:00:00;20/07/2025-00:00:00;3.0;270.0;;1.3333333333333333;;;1.6666666666666667;1.0;;2.0;1.3333333333333333;1.0;;1.3888888888888886;0.38968173148333735;2.997621472216654
PLT;98;transport0098;GER01PLANTBEL01TERM-TRUCK-01;21/07/2025-00:00:00;23/07/2025-00:00:00;12.0;1080.0;;1.25;2.25;2.1666666666666665;1.5;2.0833333333333335;1.9166666666666667;2.25;1.8333333333333333;1.3333333333333333;1.4166666666666667;1.8;0.3932297415374753;12.0
PLT;99;transport0099;GER01PLANTBEL01TERM-TRUCK-01;22/07/2025-00:00:00;24/07/2025-00:00:00;12.0;1080.0;;1.25;;1.25;1.5;2.25;2.25;2.3333333333333335;2.25;1.3333333333333333;;1.8020833333333335;0.5077524002897476;12.0
PLT;100;transport0100;GER01PLANTBEL01TERM-TRUCK-01;23/07/2025-00:00:00;25/07/2025-00:00:00;15.0;1350.0;;;;1.2666666666666666;;;1.4666666666666666;;;;;1.3666666666666667;0.14142135623730948;15.0
PLT;101;transport0101;GER01PLANTBEL01TERM-TRUCK-01;24/07/2025-00:00:00;26/07/2025-00:00:00;12.0;1080.0;;1.9166666666666667;1.75;1.4166666666666667;;2.1666666666666665;1.4166666666666667;1.1666666666666667;2.0833333333333335;1.9166666666666667;;1.7291666666666667;0.3584302194601094;12.0
PLT;102;transport0102;GER01PLANTBEL01TERM-TRUCK-01;25/07/2025-00:00:00;27/07/2025-00:00:00;3.0;270.0;;3.0;3.3333333333333335;;2.6666666666666665;1.6666666666666667;1.6666666666666667;;;3.3333333333333335;2.3333333333333335;2.5714285714285716;0.7126966450997984;3.0
PLT;103;transport0103;GER01PLANTBEL01TERM-TRUCK-01;28/07/2025-00:00:00;30/07/2025-00:00:00;12.0;1080.0;;2.25;1.75;1.5;;1.3333333333333333;1.3333333333333333;1.3333333333333333;1.4166666666666667;;2.0;1.6145833333333335;0.3505593602792045;12.0
PLT;104;transport0104;GER01PLANTBEL01TERM-TRUCK-01;29/07/2025-00:00:00;31/07/2025-00:00:00;12.0;1080.0;;1.5;2.1666666666666665;;2.0833333333333335;1.3333333333333333;1.25;1.9166666666666667;1.1666666666666667;2.0833333333333335;1.75;1.6944444444444444;0.39086797998528583;12.0
PLT;105;transport0105;GER01PLANTBEL01TERM-TRUCK-01;30/07/2025-00:00:00;01/08/2025-00:00:00;15.0;1350.0;;;;1.9333333333333333;;1.8;1.4666666666666666;1.8;;;;1.75;0.19907192074632135;15.0
PLT;106;transport0106;GER01PLANTBEL01TERM-TRUCK-01;31/07/2025-00:00:00;02/08/2025-00:00:00;12.0;1080.0;;1.3333333333333333;1.5833333333333333;2.25;;1.4166666666666667;1.1666666666666667;1.1666666666666667;1.75;1.75;2.1666666666666665;1.6203703703703705;0.3977172517576764;12.0
PLT;107;transport0107;GER01PLANTBEL01TERM-TRAIN-01;04/06/2025-00:00:00;07/06/2025-00:00:00;11.0;0.0;;1.0909090909090908;1.0909090909090908;1.0909090909090908;;1.0909090909090908;;;1.0909090909090908;1.0909090909090908;1.0909090909090908;1.0909090909090908;0.0;11.0
PLT;108;transport0108;GER01PLANTBEL01TERM-TRAIN-01;06/06/2025-00:00:00;09/06/2025-00:00:00;11.0;0.0;;;1.0909090909090908;1.0909090909090908;1.0909090909090908;1.0909090909090908;1.0909090909090908;;1.0909090909090908;1.0909090909090908;1.0909090909090908;1.0909090909090908;0.0;11.0
PLT;109;transport0109;GER01PLANTBEL01TERM-TRAIN-01;11/06/2025-00:00:00;14/06/2025-00:00:00;11.0;0.0;;1.0909090909090908;1.0909090909090908;1.0909090909090908;1.0909090909090908;1.0909090909090908;1.0909090909090908;1.0909090909090908;;1.0909090909090908;1.0909090909090908;1.0909090909090908;0.0;11.0
PLT;110;transport0110;GER01PLANTBEL01TERM-TRAIN-01;13/06/2025-00:00:00;16/06/2025-00:00:00;11.0;0.0;;;1.0909090909090908;1.0909090909090908;1.0909090909090908;;1.0909090909090908;1.0909090909090908;1.0909090909090908;1.0909090909090908;1.0909090909090908;1.0909090909090908;0.0;11.0
PLT;111;transport0111;GER01PLANTBEL01TERM-TRAIN-01;18/06/2025-00:00:00;21/06/2025-00:00:00;11.0;0.0;;1.0909090909090908;1.0909090909090908;1.0909090909090908;;1.0909090909090908;1.0909090909090908;1.0909090909090908;1.0909090909090908;1.0909090909090908;;1.0909090909090908;0.0;11.0
PLT;112;transport0112;GER01PLANTBEL01TERM-TRAIN-01;20/06/2025-00:00:00;23/06/2025-00:00:00;11.0;0.0;;1.0909090909090908;1.0909090909090908;1.0909090909090908;1.0909090909090908;1.0909090909090908;;1.0909090909090908;1.0909090909090908;;1.0909090909090908;1.0909090909090908;0.0;11.0
PLT;113;transport0113;GER01PLANTBEL01TERM-TRAIN-01;25/06/2025-00:00:00;28/06/2025-00:00:00;11.0;0.0;;1.0909090909090908;1.0909090909090908;1.0909090909090908;1.0909090909090908;1.0909090909090908;1.0909090909090908;1.0909090909090908;1.0909090909090908;1.0909090909090908;1.0909090909090908;1.0909090909090906;2.340555645717801e-16;11.0
PLT;114;transport0114;GER01PLANTBEL01TERM-TRAIN-01;27/06/2025-00:00:00;30/06/2025-00:00:00;11.0;0.0;;1.0909090909090908;1.0909090909090908;1.0909090909090908;;1.0909090909090908;1.0909090909090908;1.0909090909090908;1.0909090909090908;1.0909090909090908;1.0909090909090908;1.0909090909090908;0.0;11.0
PLT;115;transport0115;GER01PLANTBEL01TERM-TRAIN-01;02/07/2025-00:00:00;05/07/2025-00:00:00;11.0;0.0;;1.0909090909090908;1.0909090909090908;1.0909090909090908;1.0909090909090908;1.0909090909090908;1.0909090909090908;1.0909090909090908;;1.0909090909090908;;1.0909090909090908;0.0;11.0
PLT;116;transport0116;GER01PLANTBEL01TERM-TRAIN-01;04/07/2025-00:00:00;07/07/2025-00:00:00;11.0;0.0;;1.0909090909090908;;1.0909090909090908;1.0909090909090908;1.0909090909090908;1.0909090909090908;1.0909090909090908;1.0909090909090908;1.0909090909090908;1.0909090909090908;1.0909090909090908;0.0;11.0
PLT;117;transport0117;GER01PLANTBEL01TERM-TRAIN-01;09/07/2025-00:00:00;12/07/2025-00:00:00;11.0;0.0;;1.0909090909090908;1.0909090909090908;1.0909090909090908;1.0909090909090908;1.0909090909090908;1.0909090909090908;1.0909090909090908;1.0909090909090908;1.0909090909090908;1.0909090909090908;1.0909090909090906;2.340555645717801e-16;11.0
PLT;118;transport0118;GER01PLANTBEL01TERM-TRAIN-01;11/07/2025-00:00:00;14/07/2025-00:00:00;11.0;0.0;;;;1.0909090909090908;1.0909090909090908;;;1.0909090909090908;1.0909090909090908;1.0909090909090908;;1.0909090909090908;0.0;11.0
PLT;119;transport0119;GER01PLANTBEL01TERM-TRAIN-01;16/07/2025-00:00:00;19/07/2025-00:00:00;11.0;0.0;;1.0909090909090908;1.0909090909090908;1.0909090909090908;1.0909090909090908;1.0909090909090908;;1.0909090909090908;;1.0909090909090908;;1.0909090909090908;0.0;11.0
PLT;120;transport0120;GER01PLANTBEL01TERM-TRAIN-01;18/07/2025-00:00:00;21/07/2025-00:00:00;11.0;0.0;;1.0909090909090908;1.0909090909090908;1.0909090909090908;1.0909090909090908;1.0909090909090908;1.0909090909090908;1.0909090909090908;1.0909090909090908;;1.0909090909090908;1.0909090909090908;0.0;11.0
PLT;121;transport0121;GER01PLANTBEL01TERM-TRAIN-01;23/07/2025-00:00:00;26/07/2025-00:00:00;11.0;0.0;;;1.0909090909090908;1.0909090909090908;1.0909090909090908;1.0909090909090908;1.0909090909090908;1.0909090909090908;1.0909090909090908;;1.0909090909090908;1.0909090909090908;0.0;11.0
PLT;122;transport0122;GER01PLANTBEL01TERM-TRAIN-01;25/07/2025-00:00:00;28/07/2025-00:00:00;11.0;0.0;;1.0909090909090908;1.0909090909090908;1.0909090909090908;1.0909090909090908;;1.0909090909090908;1.0909090909090908;1.0909090909090908;1.0909090909090908;1.0909090909090908;1.0909090909090908;0.0;11.0
PLT;123;transport0123;GER01PLANTBEL01TERM-TRAIN-01;30/07/2025-00:00:00;02/08/2025-00:00:00;11.0;0.0;;;1.0909090909090908;1.0909090909090908;1.0909090909090908;1.0909090909090908;1.0909090909090908;1.0909090909090908;1.0909090909090908;1.0909090909090908;1.0909090909090908;1.0909090909090908;0.0;11.0
PLT;124;transport0124;GER02TERMFRA01DEAL-TRUCK-01;02/06/2025-00:00:00;04/06/2025-00:00:00;9.0;0.0;;0.6666666666666666;1.3333333333333333;;1.3333333333333333;0.6666666666666666;1.7777777777777777;0.8888888888888888;1.2222222222222223;1.0;1.4444444444444444;1.1481481481481481;0.3726779962499649;6.979231367083649
PLT;125;transport0125;GER02TERMFRA01DEAL-TRUCK-01;03/06/2025-00:00:00;05/06/2025-00:00:00;9.0;0.0;;;;1.1111111111111112;0.8888888888888888;0.6666666666666666;1.6666666666666667;1.0;0.8888888888888888;2.0;1.4444444444444444;1.2083333333333335;0.45401403920519295;6.788873647153264
PLT;126;transport0126;GER02TERMFRA01DEAL-TRUCK-01;04/06/2025-00:00:00;06/06/2025-00:00:00;5.0;0.0;;1.2;1.4;1.0;1.2;0.6;;0.6;1.0;1.0;2.0;1.1111111111111112;0.4255715111601235;3.4276979997549386
PLT;127;transport0127;GER02TERMFRA01DEAL-TRUCK-01;05/06/2025-00:00:00;07/06/2025-00:00:00;9.0;0.0;;1.0;0.8888888888888888;1.3333333333333333;0.8888888888888888;0.5555555555555556;1.0;;0.8888888888888888;1.2222222222222223;1.0;0.9753086419753088;0.2206736164409812;6.791715229808947
PLT;128;transport0128;GER02TERMFRA01DEAL-TRUCK-01;06/06/2025-00:00:00;08/06/2025-00:00:00;14.0;0.0;;1.0714285714285714;0.8571428571428571;1.1428571428571428;1.1428571428571428;0.7857142857142857;1.3571428571428572;1.1428571428571428;1.0;1.7142857142857142;1.3571428571428572;1.157142857142857;0.26895278564653213;12.434661000948548
PLT;129;transport0129;GER02TERMFRA01DEAL-TRUCK-01;09/06/2025-00:00:00;11/06/2025-00:00:00;9.0;0.0;;1.1111111111111112;;1.0;1.8888888888888888;1.1111111111111112;0.8888888888888888;1.0;0.7777777777777778;1.0;1.0;1.0864197530864197;0.3180660006910679;6.9151837715581665
PLT;130;transport0130;GER02TERMFRA01DEAL-TRUCK-01;10/06/2025-00:00:00;12/06/2025-00:00:00;9.0;0.0;;0.6666666666666666;0.6666666666666666;1.7777777777777777;1.5555555555555556;0.7777777777777778;;1.0;0.6666666666666666;1.1111111111111112;1.2222222222222223;1.0493827160493825;0.4086680831613687;5.766431695992124
PLT;131;transport0131;GER02TERMFRA01DEAL-TRUCK-01;11/06/2025-00:00:00;13/06/2025-00:00:00;5.0;0.0;;;;1.4;1.8;0.6;1.0;1.6;;0.6;1.2;1.1714285714285713;0.4680252333449758;3.5170166904179774
PLT;132;transport0132;GER02TERMFRA01DEAL-TRUCK-01;12/06/2025-00:00:00;14/06/2025-00:00:00;9.0;0.0;;0.7777777777777778;1.3333333333333333;1.8888888888888888;1.5555555555555556;1.0;0.7777777777777778;1.3333333333333333;;1.8888888888888888;1.2222222222222223;1.308641975308642;0.418616835387308;8.010226259292006
PLT;133;transport0133;GER02TERMFRA01DEAL-TRUCK-01;13/06/2025-00:00:00;15/06/2025-00:00:00;14.0;0.0;;1.0;0.6428571428571429;1.5;1.3571428571428572;0.6428571428571429;0.7857142857142857;;1.1428571428571428;1.6428571428571428;1.0714285714285714;1.0873015873015874;0.36206919823203687;10.153253446973707
PLT;134;transport0134;GER02TERMFRA01DEAL-TRUCK-01;16/06/2025-00:00:00;18/06/2025-00:00:00;9.0;0.0;;1.1111111111111112;0.6666666666666666;1.2222222222222223;1.6666666666666667;0.6666666666666666;0.6666666666666666;0.5555555555555556;1.0;1.7777777777777777;1.8888888888888888;1.1222222222222222;0.5036219977305197;5.567402020425322
PLT;135;transport0135;GER02TERMFRA01DEAL-TRUCK-01;17/06/2025-00:00:00;19/06/2025-00:00:00;9.0;0.0;;1.1111111111111112;1.1111111111111112;;1.0;0.6666666666666666;;1.0;;1.6666666666666667;1.6666666666666667;1.1746031746031746;0.3677153514051652;7.261990408782085
PLT;136;transport0136;GER02TERMFRA01DEAL-TRUCK-01;18/06/2025-00:00:00;20/06/2025-00:00:00;5.0;0.0;;;1.6;;0.6;0.2;1.6;;0.8;;1.8;1.0999999999999999;0.6542170893518451;2.2289145532407737
PLT;137;transport0137;GER02TERMFRA01DEAL-TRUCK-01;19/06/2025-00:00:00;21/06/2025-00:00:00;9.0;0.0;;1.3333333333333333;1.3333333333333333;0.7777777777777778;1.4444444444444444;1.2222222222222223;1.0;0.6666666666666666;0.6666666666666666;0.8888888888888888;2.0;1.1333333333333333;0.4183709998946056;6.43466100094855
PLT;138;transport0138;GER02TERMFRA01DEAL-TRUCK-01;20/06/2025-00:00:00;22/06/2025-00:00:00;14.0;0.0;;1.0;0.7857142857142857;1.0;1.5;0.7142857142857143;0.6428571428571429;1.0;1.1428571428571428;1.6428571428571428;1.5714285714285714;1.1;0.35983115213928685;10.362363870049986
PLT;139;transport0139;GER02TERMFRA01DEAL-TRUCK-01;23/06/2025-00:00:00;25/06/2025-00:00:00;9.0;0.0;;0.8888888888888888;1.2222222222222223;1.3333333333333333;;;1.0;;;1.1111111111111112;0.7777777777777778;1.0555555555555556;0.20786985482077452;7.62917130661303
PLT;140;transport0140;GER02TERMFRA01DEAL-TRUCK-01;24/06/2025-00:00:00;26/06/2025-00:00:00;9.0;0.0;;0.5555555555555556;1.7777777777777777;0.5555555555555556;1.3333333333333333;;1.2222222222222223;;1.0;1.8888888888888888;1.1111111111111112;1.1805555555555554;0.4931184288104141;6.1869341407062715
PLT;141;transport0141;GER02TERMFRA01DEAL-TRUCK-01;25/06/2025-00:00:00;27/06/2025-00:00:00;5.0;0.0;;;1.6;1.2;;0.6;1.4;0.4;0.2;1.6;;1.0;0.5887840577551898;2.0560797112240508
PLT;142;transport0142;GER02TERMFRA01DEAL-TRUCK-01;26/06/2025-00:00:00;28/06/2025-00:00:00;9.0;0.0;;0.8888888888888888;1.2222222222222223;;0.6666666666666666;1.2222222222222223;1.1111111111111112;1.2222222222222223;0.5555555555555556;1.5555555555555556;0.7777777777777778;1.0246913580246915;0.3228814032252351;6.316289593195107
PLT;143;transport0143;GER02TERMFRA01DEAL-TRUCK-01;27/06/2025-00:00:00;29/06/2025-00:00:00;14.0;0.0;;;;1.1428571428571428;0.7857142857142857;1.0;0.7142857142857143;1.1428571428571428;1.1428571428571428;1.5;0.9285714285714286;1.0446428571428572;0.24725165707068222;11.16347680101045
PLT;144;transport0144;GER02TERMFRA01DEAL-TRUCK-01;30/06/2025-00:00:00;02/07/2025-00:00:00;9.0;0.0;;1.0;0.5555555555555556;0.8888888888888888;1.2222222222222223;1.3333333333333333;1.2222222222222223;0.6666666666666666;0.7777777777777778;0.8888888888888888;1.1111111111111112;0.9666666666666666;0.2568672723614771;6.388194548746705
PLT;145;transport0145;GER02TERMFRA01DEAL-TRUCK-01;01/07/2025-00:00:00;03/07/2025-00:00:00;9.0;0.0;;0.5555555555555556;1.3333333333333333;;0.7777777777777778;1.2222222222222223;1.0;0.6666666666666666;1.0;1.3333333333333333;0.8888888888888888;0.9753086419753085;0.28206567058755216;6.2391867424898075
PLT;146;transport0146;GER02TERMFRA01DEAL-TRUCK-01;02/07/2025-00:00:00;04/07/2025-00:00:00;5.0;0.0;;0.8;0.8;0.6;0.2;1.6;0.4;0.4;1.4;;0.4;0.7333333333333334;0.47958315233127197;1.2687509050103072
PLT;147;transport0147;GER02TERMFRA01DEAL-TRUCK-01;03/07/2025-00:00:00;05/07/2025-00:00:00;9.0;0.0;;0.6666666666666666;1.3333333333333333;1.2222222222222223;;1.7777777777777777;1.0;0.7777777777777778;1.3333333333333333;0.8888888888888888;1.2222222222222223;1.1358024691358024;0.3414646095293662;7.149040736457926
PLT;148;transport0148;GER02TERMFRA01DEAL-TRUCK-01;04/07/2025-00:00:00;06/07/2025-00:00:00;14.0;0.0;;1.1428571428571428;1.0714285714285714;0.7857142857142857;0.6428571428571429;1.0714285714285714;0.7142857142857143;0.7857142857142857;;1.6428571428571428;0.8571428571428571;0.9682539682539681;0.3074564659558323;9.251165032173901
PLT;149;transport0149;GER02TERMFRA01DEAL-TRUCK-01;07/07/2025-00:00:00;09/07/2025-00:00:00;9.0;0.0;;;0.7777777777777778;0.6666666666666666;0.8888888888888888;0.7777777777777778;1.0;0.6666666666666666;1.2222222222222223;1.4444444444444444;1.1111111111111112;0.9506172839506173;0.2670778722565918;6.151854705246229
PLT;150;transport0150;GER02TERMFRA01DEAL-TRUCK-01;08/07/2025-00:00:00;10/07/2025-00:00:00;9.0;0.0;;1.3333333333333333;0.8888888888888888;0.6666666666666666;1.3333333333333333;1.0;1.3333333333333333;1.1111111111111112;0.7777777777777778;1.5555555555555556;0.7777777777777778;1.0777777777777777;0.3011181722100421;6.989936450109621
PLT;151;transport0151;GER02TERMFRA01DEAL-TRUCK-01;09/07/2025-00:00:00;11/07/2025-00:00:00;5.0;0.0;;1.0;1.0;;0.8;1.2;0.6;0.8;0.8;1.2;;0.925;0.21213203435596423;3.564339828220179
PLT;152;transport0152;GER02TERMFRA01DEAL-TRUCK-01;10/07/2025-00:00:00;12/07/2025-00:00:00;9.0;0.0;;;1.2222222222222223;;1.0;1.2222222222222223;0.6666666666666666;0.8888888888888888;0.7777777777777778;1.1111111111111112;0.7777777777777778;0.9583333333333333;0.21362331482055194;6.702390166615031
PLT;153;transport0153;GER02TERMFRA01DEAL-TRUCK-01;11/07/2025-00:00:00;13/07/2025-00:00:00;14.0;0.0;;0.8571428571428571;1.0714285714285714;0.6428571428571429;1.0714285714285714;1.0;0.8571428571428571;0.7142857142857143;0.6428571428571429;0.9285714285714286;;0.8650793650793651;0.1691984571851416;9.742332710519129
PLT;154;transport0154;GER02TERMFRA01DEAL-TRUCK-01;14/07/2025-00:00:00;16/07/2025-00:00:00;9.0;0.0;;1.0;1.3333333333333333;0.8888888888888888;1.1111111111111112;1.3333333333333333;0.6666666666666666;1.2222222222222223;0.7777777777777778;1.0;0.6666666666666666;0.9999999999999998;0.25119740678241737;6.739223338958241
PLT;155;transport0155;GER02TERMFRA01DEAL-TRUCK-01;15/07/2025-00:00:00;17/07/2025-00:00:00;9.0;0.0;;1.1111111111111112;1.6666666666666667;;0.8888888888888888;1.8888888888888888;0.7777777777777778;1.2222222222222223;1.1111111111111112;1.6666666666666667;0.6666666666666666;1.222222222222222;0.43033148291193524;7.127016653792582
PLT;156;transport0156;GER02TERMFRA01DEAL-TRUCK-01;16/07/2025-00:00:00;18/07/2025-00:00:00;5.0;0.0;;0.2;1.2;1.2;0.4;2.0;1.4;1.2;0.8;;0.8;1.0222222222222224;0.5426273532033234;2.397974345094495
PLT;157;transport0157;GER02TERMFRA01DEAL-TRUCK-01;17/07/2025-00:00:00;19/07/2025-00:00:00;9.0;0.0;;0.6666666666666666;0.7777777777777778;0.7777777777777778;0.6666666666666666;1.8888888888888888;1.1111111111111112;0.6666666666666666;0.8888888888888888;1.3333333333333333;0.8888888888888888;0.9666666666666668;0.3886242485799904;5.202381762780087
PLT;158;transport0158;GER02TERMFRA01DEAL-TRUCK-01;18/07/2025-00:00:00;20/07/2025-00:00:00;14.0;0.0;;0.7857142857142857;0.9285714285714286;0.9285714285714286;0.7142857142857143;1.5714285714285714;0.7142857142857143;1.0714285714285714;0.7142857142857143;1.7142857142857142;0.8571428571428571;1.0;0.35951592548908334;8.966777043152833
PLT;159;transport0159;GER02TERMFRA01DEAL-TRUCK-01;21/07/2025-00:00:00;23/07/2025-00:00:00;9.0;0.0;;0.5555555555555556;1.3333333333333333;1.1111111111111112;1.2222222222222223;1.4444444444444444;1.3333333333333333;1.6666666666666667;1.2222222222222223;1.8888888888888888;0.8888888888888888;1.2666666666666668;0.3747884634273635;8.02690382915373
PLT;160;transport0160;GER02TERMFRA01DEAL-TRUCK-01;22/07/2025-00:00:00;24/07/2025-00:00:00;9.0;0.0;;1.3333333333333333;0.8888888888888888;;0.6666666666666666;1.5555555555555556;0.7777777777777778;0.8888888888888888;1.1111111111111112;1.6666666666666667;1.2222222222222223;1.1234567901234567;0.3489156237299402;6.9708704975416484
PLT;161;transport0161;GER02TERMFRA01DEAL-TRUCK-01;23/07/2025-00:00:00;25/07/2025-00:00:00;5.0;0.0;;0.6;;0.8;0.8;2.4;1.4;0.8;0.4;2.4;;1.2;0.7928249671720918;2.0358751641395405
PLT;162;transport0162;GER02TERMFRA01DEAL-TRUCK-01;24/07/2025-00:00:00;26/07/2025-00:00:00;9.0;0.0;;0.7777777777777778;0.5555555555555556;1.2222222222222223;1.2222222222222223;1.7777777777777777;0.7777777777777778;;1.1111111111111112;1.6666666666666667;0.8888888888888888;1.1111111111111112;0.41201102706087017;6.291900756452169
PLT;163;transport0163;GER02TERMFRA01DEAL-TRUCK-01;25/07/2025-00:00:00;27/07/2025-00:00:00;14.0;0.0;;0.6428571428571429;0.7142857142857143;1.0714285714285714;1.1428571428571428;1.7142857142857142;1.0;0.7142857142857143;;1.6428571428571428;0.6428571428571429;1.0317460317460316;0.4120492452351614;8.675755011152184
PLT;164;transport0164;GER02TERMFRA01DEAL-TRUCK-01;28/07/2025-00:00:00;30/07/2025-00:00:00;9.0;0.0;;1.2222222222222223;0.8888888888888888;0.6666666666666666;1.2222222222222223;1.3333333333333333;0.6666666666666666;0.5555555555555556;0.5555555555555556;2.0;0.7777777777777778;0.9888888888888889;0.45797310947110015;4.7782420147600995
PLT;165;transport0165;GER02TERMFRA01DEAL-TRUCK-01;29/07/2025-00:00:00;31/07/2025-00:00:00;9.0;0.0;;1.1111111111111112;1.2222222222222223;1.2222222222222223;0.5555555555555556;0.7777777777777778;0.6666666666666666;1.1111111111111112;1.3333333333333333;0.7777777777777778;0.5555555555555556;0.9333333333333333;0.2972207799665019;5.725012980301483
PLT;166;transport0166;GER02TERMFRA01DEAL-TRUCK-01;30/07/2025-00:00:00;01/08/2025-00:00:00;5.0;0.0;;0.4;;;0.4;;;;1.4;;0.4;0.65;0.49999999999999994;0.7500000000000004
PLT;167;transport0167;GER02TERMFRA01DEAL-TRUCK-01;31/07/2025-00:00:00;02/08/2025-00:00:00;9.0;0.0;;1.1111111111111112;0.7777777777777778;0.7777777777777778;1.2222222222222223;0.7777777777777778;;;1.1111111111111112;0.8888888888888888;0.8888888888888888;0.9444444444444444;0.17817416127494962;6.8964325485254525
PLT;168;transport0168;GER02TERMFRA01DEAL-TRUCK-02;02/06/2025-00:00:00;04/06/2025-00:00:00;9.0;1350.0;;0.6666666666666666;1.3333333333333333;;1.3333333333333333;1.0;1.7777777777777777;0.8888888888888888;1.2222222222222223;1.0;1.4444444444444444;1.1851851851851851;0.3333333333333333;7.666666666666667
PLT;169;transport0169;GER02TERMFRA01DEAL-TRUCK-02;03/06/2025-00:00:00;05/06/2025-00:00:00;9.0;1350.0;;;;1.1111111111111112;0.8888888888888888;0.8888888888888888;1.6666666666666667;1.0;0.8888888888888888;2.0;1.0;1.1805555555555556;0.41969796816248445;6.84771828653764
PLT;170;transport0170;GER02TERMFRA01DEAL-TRUCK-02;04/06/2025-00:00:00;06/06/2025-00:00:00;5.0;750.0;;1.2;1.4;1.0;1.2;1.0;;0.6;1.0;1.0;2.0;1.1555555555555557;0.3844187531556932;3.8556840119993123
PLT;171;transport0171;GER02TERMFRA01DEAL-TRUCK-02;05/06/2025-00:00:00;07/06/2025-00:00:00;9.0;1350.0;;1.0;0.8888888888888888;1.3333333333333333;0.8888888888888888;0.7777777777777778;1.0;;0.8888888888888888;1.2222222222222223;1.0;1.0;0.17568209223157663;7.418861169915811
PLT;172;transport0172;GER02TERMFRA01DEAL-TRUCK-02;06/06/2025-00:00:00;08/06/2025-00:00:00;9.0;1350.0;;1.2222222222222223;0.8888888888888888;1.3333333333333333;1.3333333333333333;1.2222222222222223;1.4444444444444444;1.3333333333333333;1.1111111111111112;2.0;1.4444444444444444;1.3333333333333335;0.28688765527462345;9.0
PLT;173;transport0173;GER02TERMFRA01DEAL-TRUCK-02;09/06/2025-00:00:00;11/06/2025-00:00:00;9.0;1350.0;;1.1111111111111112;;1.0;1.8888888888888888;1.1111111111111112;0.8888888888888888;1.0;0.7777777777777778;1.0;1.0;1.0864197530864197;0.3180660006910679;6.9151837715581665
PLT;174;transport0174;GER02TERMFRA01DEAL-TRUCK-02;10/06/2025-00:00:00;12/06/2025-00:00:00;9.0;1350.0;;0.6666666666666666;0.6666666666666666;1.7777777777777777;1.5555555555555556;0.7777777777777778;;1.0;0.6666666666666666;1.1111111111111112;1.2222222222222223;1.0493827160493825;0.4086680831613687;5.766431695992124
PLT;175;transport0175;GER02TERMFRA01DEAL-TRUCK-02;11/06/2025-00:00:00;13/06/2025-00:00:00;5.0;750.0;;;;1.4;1.8;0.6;1.0;1.6;;0.6;1.2;1.1714285714285713;0.4680252333449758;3.5170166904179774
PLT;176;transport0176;GER02TERMFRA01DEAL-TRUCK-02;12/06/2025-00:00:00;14/06/2025-00:00:00;9.0;1350.0;;0.7777777777777778;1.3333333333333333;1.8888888888888888;1.5555555555555556;1.0;0.7777777777777778;1.3333333333333333;;1.8888888888888888;1.2222222222222223;1.308641975308642;0.418616835387308;8.010226259292006
PLT;177;transport0177;GER02TERMFRA01DEAL-TRUCK-02;13/06/2025-00:00:00;15/06/2025-00:00:00;9.0;1350.0;;1.1111111111111112;0.5555555555555556;1.6666666666666667;1.4444444444444444;0.5555555555555556;0.7777777777777778;;1.3333333333333333;1.8888888888888888;1.0;1.148148148148148;0.4746668747398628;6.061331460674566
PLT;178;transport0178;GER02TERMFRA01DEAL-TRUCK-02;16/06/2025-00:00:00;18/06/2025-00:00:00;9.0;1350.0;;1.1111111111111112;0.6666666666666666;1.2222222222222223;1.6666666666666667;0.6666666666666666;0.6666666666666666;0.5555555555555556;1.0;1.7777777777777777;1.8888888888888888;1.1222222222222222;0.5036219977305197;5.567402020425322
PLT;179;transport0179;GER02TERMFRA01DEAL-TRUCK-02;17/06/2025-00:00:00;19/06/2025-00:00:00;9.0;1350.0;;1.1111111111111112;1.1111111111111112;;1.0;0.6666666666666666;;1.0;;1.6666666666666667;1.6666666666666667;1.1746031746031746;0.3677153514051652;7.261990408782085
PLT;180;transport0180;GER02TERMFRA01DEAL-TRUCK-02;18/06/2025-00:00:00;20/06/2025-00:00:00;5.0;750.0;;;1.6;;0.6;0.2;1.6;;0.8;;1.8;1.0999999999999999;0.6542170893518451;2.2289145532407737
PLT;181;transport0181;GER02TERMFRA01DEAL-TRUCK-02;19/06/2025-00:00:00;21/06/2025-00:00:00;9.0;1350.0;;1.3333333333333333;1.3333333333333333;0.7777777777777778;1.4444444444444444;1.2222222222222223;1.0;0.6666666666666666;0.6666666666666666;0.8888888888888888;2.0;1.1333333333333333;0.4183709998946056;6.43466100094855
PLT;182;transport0182;GER02TERMFRA01DEAL-TRUCK-02;20/06/2025-00:00:00;22/06/2025-00:00:00;9.0;1350.0;;1.6666666666666667;0.7777777777777778;1.1111111111111112;1.6666666666666667;0.6666666666666666;0.5555555555555556;1.1111111111111112;1.3333333333333333;1.8888888888888888;1.7777777777777777;1.2555555555555558;0.4858773688476332;6.927103680371303
PLT;183;transport0183;GER02TERMFRA01DEAL-TRUCK-02;23/06/2025-00:00:00;25/06/2025-00:00:00;9.0;1350.0;;1.3333333333333333;1.7777777777777777;1.3333333333333333;;;1.0;;;1.1111111111111112;0.7777777777777778;1.222222222222222;0.3442651863295481;7.901613323034066
PLT;184;transport0184;GER02TERMFRA01DEAL-TRUCK-02;24/06/2025-00:00:00;26/06/2025-00:00:00;9.0;1350.0;;0.8888888888888888;1.7777777777777777;0.5555555555555556;1.3333333333333333;;1.2222222222222223;;1.0;1.8888888888888888;1.1111111111111112;1.2222222222222223;0.4444444444444444;7.000000000000001
PLT;185;transport0185;GER02TERMFRA01DEAL-TRUCK-02;25/06/2025-00:00:00;27/06/2025-00:00:00;5.0;750.0;;;1.6;1.2;;0.6;2.0;0.4;0.2;1.6;;1.0857142857142859;0.6914443130833011;1.9713498631549236
PLT;186;transport0186;GER02TERMFRA01DEAL-TRUCK-02;26/06/2025-00:00:00;28/06/2025-00:00:00;9.0;1350.0;;1.2222222222222223;1.2222222222222223;;0.6666666666666666;1.2222222222222223;1.6666666666666667;1.2222222222222223;0.5555555555555556;1.5555555555555556;0.7777777777777778;1.123456790123457;0.38266626518095975;6.667114724482474
PLT;187;transport0187;GER02TERMFRA01DEAL-TRUCK-02;27/06/2025-00:00:00;29/06/2025-00:00:00;9.0;1350.0;;;;1.3333333333333333;0.7777777777777778;1.1111111111111112;0.8888888888888888;1.3333333333333333;1.3333333333333333;1.6666666666666667;1.0;1.1805555555555556;0.2905780895082986;8.009797194425314
PLT;188;transport0188;GER02TERMFRA01DEAL-TRUCK-02;30/06/2025-00:00:00;02/07/2025-00:00:00;9.0;1350.0;;1.0;0.7777777777777778;0.8888888888888888;1.2222222222222223;1.3333333333333333;1.2222222222222223;0.6666666666666666;0.7777777777777778;0.8888888888888888;1.1111111111111112;0.9888888888888889;0.22498285257018433;6.8751543268683415
PLT;189;transport0189;GER02TERMFRA01DEAL-TRUCK-02;01/07/2025-00:00:00;03/07/2025-00:00:00;9.0;1350.0;;0.5555555555555556;1.3333333333333333;;0.7777777777777778;1.2222222222222223;1.0;0.6666666666666666;1.0;1.3333333333333333;0.8888888888888888;0.9753086419753085;0.28206567058755216;6.2391867424898075
PLT;190;transport0190;GER02TERMFRA01DEAL-TRUCK-02;02/07/2025-00:00:00;04/07/2025-00:00:00;5.0;750.0;;0.8;0.8;0.6;0.2;1.6;0.4;0.4;1.4;;0.4;0.7333333333333334;0.47958315233127197;1.2687509050103072
PLT;191;transport0191;GER02TERMFRA01DEAL-TRUCK-02;03/07/2025-00:00:00;05/07/2025-00:00:00;9.0;1350.0;;0.6666666666666666;1.3333333333333333;1.2222222222222223;;1.7777777777777777;1.4444444444444444;0.7777777777777778;1.3333333333333333;0.8888888888888888;1.2222222222222223;1.1851851851851853;0.3513641844631532;7.50438900649829
PLT;192;transport0192;GER02TERMFRA01DEAL-TRUCK-02;04/07/2025-00:00:00;06/07/2025-00:00:00;9.0;1350.0;;1.3333333333333333;1.2222222222222223;0.7777777777777778;0.5555555555555556;1.0;0.6666666666666666;0.7777777777777778;;1.2222222222222223;0.8888888888888888;0.9382716049382717;0.2727948122714118;5.989291134001739
PLT;193;transport0193;GER02TERMFRA01DEAL-TRUCK-02;07/07/2025-00:00:00;09/07/2025-00:00:00;9.0;1350.0;;;0.7777777777777778;0.6666666666666666;0.8888888888888888;0.7777777777777778;1.0;0.6666666666666666;1.2222222222222223;1.0;1.1111111111111112;0.9012345679012346;0.1959815785973771;6.347276903734717
PLT;194;transport0194;GER02TERMFRA01DEAL-TRUCK-02;08/07/2025-00:00:00;10/07/2025-00:00:00;9.0;1350.0;;1.3333333333333333;0.8888888888888888;0.6666666666666666;1.3333333333333333;1.0;1.3333333333333333;1.1111111111111112;0.7777777777777778;1.1111111111111112;0.7777777777777778;1.0333333333333332;0.2514702992113771;7.036767307097605
PLT;195;transport0195;GER02TERMFRA01DEAL-TRUCK-02;09/07/2025-00:00:00;11/07/2025-00:00:00;5.0;750.0;;1.0;1.0;;0.8;1.2;0.6;0.8;0.8;0.8;;0.875;0.18322507626258083;3.4588746186870956
PLT;196;transport0196;GER02TERMFRA01DEAL-TRUCK-02;10/07/2025-00:00:00;12/07/2025-00:00:00;9.0;1350.0;;;1.8888888888888888;;1.0;1.2222222222222223;1.0;0.8888888888888888;0.7777777777777778;0.7777777777777778;0.7777777777777778;1.0416666666666665;0.3753305421532011;5.997025120621188
PLT;197;transport0197;GER02TERMFRA01DEAL-TRUCK-02;11/07/2025-00:00:00;13/07/2025-00:00:00;9.0;1350.0;;0.8888888888888888;1.7777777777777777;0.5555555555555556;1.2222222222222223;0.6666666666666666;0.8888888888888888;0.6666666666666666;0.5555555555555556;0.4444444444444444;;0.8518518518518519;0.41943524640393054;3.891749449031292
PLT;198;transport0198;GER02TERMFRA01DEAL-TRUCK-02;14/07/2025-00:00:00;16/07/2025-00:00:00;9.0;1350.0;;1.0;2.0;0.8888888888888888;1.1111111111111112;0.8888888888888888;0.6666666666666666;1.2222222222222223;0.7777777777777778;0.6666666666666666;0.6666666666666666;0.9888888888888887;0.4038565799565623;5.265290780390938
PLT;199;transport0199;GER02TERMFRA01DEAL-TRUCK-02;15/07/2025-00:00:00;17/07/2025-00:00:00;9.0;1350.0;;1.1111111111111112;1.6666666666666667;;0.8888888888888888;1.2222222222222223;0.7777777777777778;1.2222222222222223;1.1111111111111112;1.1111111111111112;0.6666666666666666;1.0864197530864197;0.29280348705262776;7.142546394304128
PLT;200;transport0200;GER02TERMFRA01DEAL-TRUCK-02;16/07/2025-00:00:00;18/07/2025-00:00:00;5.0;750.0;;0.2;1.2;1.2;0.4;2.0;1.4;1.2;0.8;;0.8;1.0222222222222224;0.5426273532033234;2.397974345094495
PLT;201;transport0201;GER02TERMFRA01DEAL-TRUCK-02;17/07/2025-00:00:00;19/07/2025-00:00:00;9.0;1350.0;;0.6666666666666666;0.7777777777777778;0.7777777777777778;0.6666666666666666;1.8888888888888888;1.1111111111111112;0.6666666666666666;0.8888888888888888;1.3333333333333333;0.8888888888888888;0.9666666666666668;0.3886242485799904;5.202381762780087
PLT;202;transport0202;GER02TERMFRA01DEAL-TRUCK-02;18/07/2025-00:00:00;20/07/2025-00:00:00;9.0;1350.0;;0.7777777777777778;0.7777777777777778;1.0;0.6666666666666666;1.7777777777777777;0.6666666666666666;1.2222222222222223;0.6666666666666666;1.3333333333333333;0.8888888888888888;0.9777777777777779;0.3658989343771398;5.506909590605743
PLT;203;transport0203;GER02TERMFRA01DEAL-TRUCK-02;21/07/2025-00:00:00;23/07/2025-00:00:00;9.0;1350.0;;0.5555555555555556;1.3333333333333333;1.1111111111111112;1.2222222222222223;1.4444444444444444;1.3333333333333333;1.6666666666666667;1.2222222222222223;1.3333333333333333;0.8888888888888888;1.2111111111111112;0.30742971806588343;8.13313253740705
PLT;204;transport0204;GER02TERMFRA01DEAL-TRUCK-02;22/07/2025-00:00:00;24/07/2025-00:00:00;9.0;1350.0;;1.3333333333333333;0.8888888888888888;;0.6666666666666666;1.5555555555555556;0.7777777777777778;0.8888888888888888;1.1111111111111112;1.6666666666666667;1.2222222222222223;1.1234567901234567;0.3489156237299402;6.9708704975416484
PLT;205;transport0205;GER02TERMFRA01DEAL-TRUCK-02;23/07/2025-00:00:00;25/07/2025-00:00:00;5.0;750.0;;0.6;;0.8;0.8;2.4;1.4;0.8;0.4;2.4;;1.2;0.7928249671720918;2.0358751641395405
PLT;206;transport0206;GER02TERMFRA01DEAL-TRUCK-02;24/07/2025-00:00:00;26/07/2025-00:00:00;9.0;1350.0;;0.7777777777777778;0.5555555555555556;1.2222222222222223;1.2222222222222223;1.7777777777777777;0.7777777777777778;;1.1111111111111112;1.6666666666666667;0.8888888888888888;1.1111111111111112;0.41201102706087017;6.291900756452169
PLT;207;transport0207;GER02TERMFRA01DEAL-TRUCK-02;25/07/2025-00:00:00;27/07/2025-00:00:00;9.0;1350.0;;0.5555555555555556;0.6666666666666666;1.2222222222222223;1.3333333333333333;2.0;1.1111111111111112;0.6666666666666666;;1.8888888888888888;0.5555555555555556;1.111111111111111;0.5555555555555555;4.999999999999999
PLT;208;transport0208;GER02TERMFRA01DEAL-TRUCK-02;28/07/2025-00:00:00;30/07/2025-00:00:00;9.0;1350.0;;1.2222222222222223;0.8888888888888888;0.6666666666666666;1.2222222222222223;1.3333333333333333;1.0;0.5555555555555556;0.5555555555555556;2.0;0.7777777777777778;1.0222222222222224;0.44382673122800714;5.205559418947938
PLT;209;transport0209;GER02TERMFRA01DEAL-TRUCK-02;29/07/2025-00:00:00;31/07/2025-00:00:00;9.0;1350.0;;1.1111111111111112;1.2222222222222223;1.2222222222222223;0.8888888888888888;0.7777777777777778;0.6666666666666666;1.1111111111111112;1.3333333333333333;0.7777777777777778;0.5555555555555556;0.9666666666666668;0.2673345545573124;6.293989008984189
PLT;210;transport0210;GER02TERMFRA01DEAL-TRUCK-02;30/07/2025-00:00:00;01/08/2025-00:00:00;5.0;750.0;;0.4;;;0.6;;;;1.4;;0.4;0.7;0.47609522856952324;1.1195238571523836
PLT;211;transport0211;GER02TERMFRA01DEAL-TRUCK-02;31/07/2025-00:00:00;02/08/2025-00:00:00;9.0;1350.0;;1.1111111111111112;0.7777777777777778;0.7777777777777778;1.8888888888888888;0.7777777777777778;;;1.1111111111111112;0.8888888888888888;0.8888888888888888;1.0277777777777777;0.37444844800271265;5.879963967975586
PLT;212;transport0212;BEL01TERMFRA01DEAL-TRUCK-01;02/06/2025-00:00:00;03/06/2025-00:00:00;7.0;0.0;;0.7142857142857143;1.5714285714285714;1.5714285714285714;1.2857142857142858;0.7142857142857143;0.42857142857142855;0.42857142857142855;1.5714285714285714;0.5714285714285714;1.2857142857142858;1.0142857142857142;0.48771762396454726;3.6859766322481686
PLT;213;transport0213;BEL01TERMFRA01DEAL-TRUCK-01;03/06/2025-00:00:00;04/06/2025-00:00:00;7.0;0.0;;1.8571428571428572;1.0;1.5714285714285714;0.8571428571428571;0.7142857142857143;0.42857142857142855;1.4285714285714286;1.1428571428571428;0.8571428571428571;;1.0952380952380953;0.45175395145262565;4.504389006498288
PLT;214;transport0214;BEL01TERMFRA01DEAL-TRUCK-01;04/06/2025-00:00:00;05/06/2025-00:00:00;7.0;0.0;;1.1428571428571428;1.1428571428571428;1.1428571428571428;1.4285714285714286;0.5714285714285714;1.4285714285714286;1.0;1.2857142857142858;0.8571428571428571;1.8571428571428572;1.1857142857142857;0.35025096282730084;5.8482432602088945
PLT;215;transport0215;BEL01TERMFRA01DEAL-TRUCK-01;05/06/2025-00:00:00;06/06/2025-00:00:00;7.0;0.0;;;1.1428571428571428;1.2857142857142858;;1.4285714285714286;0.7142857142857143;1.7142857142857142;;0.5714285714285714;0.5714285714285714;1.0612244897959184;0.45067706326671797;4.273831985704403
PLT;216;transport0216;BEL01TERMFRA01DEAL-TRUCK-01;06/06/2025-00:00:00;07/06/2025-00:00:00;7.0;0.0;;1.0;1.4285714285714286;0.5714285714285714;2.142857142857143;1.0;0.42857142857142855;1.0;1.1428571428571428;1.0;;1.0793650793650795;0.4954440963496384;4.087446881108088
PLT;217;transport0217;BEL01TERMFRA01DEAL-TRUCK-01;09/06/2025-00:00:00;10/06/2025-00:00:00;7.0;0.0;;;1.0;0.5714285714285714;1.0;1.0;1.7142857142857142;1.8571428571428572;1.5714285714285714;0.8571428571428571;0.7142857142857143;1.1428571428571428;0.4573660169594892;4.798437881283575
PLT;218;transport0218;BEL01TERMFRA01DEAL-TRUCK-01;10/06/2025-00:00:00;11/06/2025-00:00:00;7.0;0.0;;2.5714285714285716;0.42857142857142855;1.7142857142857142;1.7142857142857142;1.0;1.0;;1.7142857142857142;0.8571428571428571;0.5714285714285714;1.2857142857142856;0.6888321972137825;4.178174619503522
PLT;219;transport0219;BEL01TERMFRA01DEAL-TRUCK-01;11/06/2025-00:00:00;12/06/2025-00:00:00;7.0;0.0;;1.4285714285714286;1.7142857142857142;;1.5714285714285714;0.8571428571428571;1.7142857142857142;2.857142857142857;0.42857142857142855;0.8571428571428571;1.4285714285714286;1.4285714285714284;0.6961995960577831;5.126602827595517
PLT;220;transport0220;BEL01TERMFRA01DEAL-TRUCK-01;12/06/2025-00:00:00;13/06/2025-00:00:00;7.0;0.0;;;;1.8571428571428572;0.8571428571428571;1.7142857142857142;1.2857142857142858;1.2857142857142858;;0.7142857142857143;;1.2857142857142858;0.45175395145262565;5.837722339831621
PLT;221;transport0221;BEL01TERMFRA01DEAL-TRUCK-01;13/06/2025-00:00:00;14/06/2025-00:00:00;7.0;0.0;;2.0;1.4285714285714286;1.0;0.8571428571428571;1.7142857142857142;1.5714285714285714;0.8571428571428571;2.0;1.4285714285714286;2.5714285714285716;1.542857142857143;0.5545114905908434;6.918419565864097
PLT;222;transport0222;BEL01TERMFRA01DEAL-TRUCK-01;16/06/2025-00:00:00;17/06/2025-00:00:00;7.0;0.0;;0.8571428571428571;0.42857142857142855;1.1428571428571428;1.2857142857142858;1.1428571428571428;0.7142857142857143;1.2857142857142858;1.0;0.7142857142857143;0.7142857142857143;0.9285714285714285;0.2876915707998708;4.486159004400904
PLT;223;transport0223;BEL01TERMFRA01DEAL-TRUCK-01;17/06/2025-00:00:00;18/06/2025-00:00:00;7.0;0.0;;1.2857142857142858;1.1428571428571428;1.4285714285714286;0.7142857142857143;1.1428571428571428;1.1428571428571428;0.42857142857142855;;1.1428571428571428;0.5714285714285714;0.9999999999999998;0.34255939452233714;4.602084238343639
PLT;224;transport0224;BEL01TERMFRA01DEAL-TRUCK-01;18/06/2025-00:00:00;19/06/2025-00:00:00;7.0;0.0;;0.42857142857142855;1.7142857142857142;1.5714285714285714;1.4285714285714286;1.4285714285714286;0.42857142857142855;1.4285714285714286;2.0;1.1428571428571428;1.7142857142857142;1.3285714285714285;0.5261850893928103;5.616704374250328
PLT;225;transport0225;BEL01TERMFRA01DEAL-TRUCK-01;19/06/2025-00:00:00;20/06/2025-00:00:00;7.0;0.0;;;0.8571428571428571;1.2857142857142858;1.5714285714285714;1.5714285714285714;1.4285714285714286;;0.5714285714285714;1.1428571428571428;1.4285714285714286;1.2321428571428572;0.3576526973126915;6.12143111881116
PLT;226;transport0226;BEL01TERMFRA01DEAL-TRUCK-01;20/06/2025-00:00:00;21/06/2025-00:00:00;7.0;0.0;;2.2857142857142856;;1.2857142857142858;0.8571428571428571;0.7142857142857143;1.2857142857142858;1.7142857142857142;;1.5714285714285714;1.4285714285714286;1.3928571428571428;0.4933966287239421;6.296223598932405
PLT;227;transport0227;BEL01TERMFRA01DEAL-TRUCK-01;23/06/2025-00:00:00;24/06/2025-00:00:00;7.0;0.0;;0.8571428571428571;0.5714285714285714;1.2857142857142858;1.4285714285714286;1.5714285714285714;1.2857142857142858;0.8571428571428571;1.0;0.42857142857142855;1.1428571428571428;1.042857142857143;0.369162808444082;4.715860340891426
PLT;228;transport0228;BEL01TERMFRA01DEAL-TRUCK-01;24/06/2025-00:00:00;25/06/2025-00:00:00;7.0;0.0;;0.7142857142857143;1.5714285714285714;1.5714285714285714;0.8571428571428571;1.0;;1.5714285714285714;1.5714285714285714;0.7142857142857143;1.4285714285714286;1.222222222222222;0.3919542293608173;5.811875950029833
PLT;229;transport0229;BEL01TERMFRA01DEAL-TRUCK-01;25/06/2025-00:00:00;26/06/2025-00:00:00;7.0;0.0;;1.4285714285714286;0.42857142857142855;0.7142857142857143;1.0;1.0;1.4285714285714286;1.1428571428571428;1.5714285714285714;1.7142857142857142;;1.1587301587301588;0.41920992527759543;5.176641634167944
PLT;230;transport0230;BEL01TERMFRA01DEAL-TRUCK-01;26/06/2025-00:00:00;27/06/2025-00:00:00;7.0;0.0;;1.4285714285714286;0.8571428571428571;0.42857142857142855;1.5714285714285714;1.7142857142857142;0.7142857142857143;0.42857142857142855;0.42857142857142855;0.5714285714285714;2.4285714285714284;1.0571428571428572;0.6907224519797617;2.564942836141668
PLT;231;transport0231;BEL01TERMFRA01DEAL-TRUCK-01;27/06/2025-00:00:00;28/06/2025-00:00:00;7.0;0.0;;0.42857142857142855;0.8571428571428571;1.1428571428571428;;0.7142857142857143;1.4285714285714286;;1.5714285714285714;0.5714285714285714;0.8571428571428571;0.9464285714285714;0.40360980492992055;3.7997313654905556
PLT;232;transport0232;BEL01TERMFRA01DEAL-TRUCK-01;30/06/2025-00:00:00;01/07/2025-00:00:00;7.0;0.0;;0.5714285714285714;1.7142857142857142;1.7142857142857142;0.7142857142857143;0.5714285714285714;1.7142857142857142;;0.7142857142857143;0.5714285714285714;1.2857142857142858;1.0634920634920635;0.5350525012915293;3.6990769354037396
PLT;233;transport0233;BEL01TERMFRA01DEAL-TRUCK-01;01/07/2025-00:00:00;02/07/2025-00:00:00;7.0;0.0;;1.7142857142857142;1.2857142857142858;0.7142857142857143;;1.1428571428571428;0.7142857142857143;1.5714285714285714;1.7142857142857142;0.8571428571428571;0.7142857142857143;1.1587301587301588;0.4312088161017817;5.09264939839864
PLT;234;transport0234;BEL01TERMFRA01DEAL-TRUCK-01;02/07/2025-00:00:00;03/07/2025-00:00:00;7.0;0.0;;0.5714285714285714;1.0;1.7142857142857142;2.7142857142857144;1.7142857142857142;1.5714285714285714;2.0;1.2857142857142858;0.5714285714285714;1.1428571428571428;1.4285714285714284;0.659828879073858;5.381197846482992
PLT;235;transport0235;BEL01TERMFRA01DEAL-TRUCK-01;03/07/2025-00:00:00;04/07/2025-00:00:00;7.0;0.0;;1.2857142857142858;1.4285714285714286;0.7142857142857143;0.42857142857142855;0.7142857142857143;1.1428571428571428;1.2857142857142858;1.4285714285714286;1.5714285714285714;0.7142857142857143;1.0714285714285714;0.3941177466011155;4.741175773792191
PLT;236;transport0236;BEL01TERMFRA01DEAL-TRUCK-01;04/07/2025-00:00:00;05/07/2025-00:00:00;7.0;0.0;;1.4285714285714286;0.8571428571428571;1.8571428571428572;0.7142857142857143;0.42857142857142855;1.2857142857142858;1.2857142857142858;1.2857142857142858;1.0;1.5714285714285714;1.1714285714285715;0.4248515813941993;5.226038930240605
PLT;237;transport0237;BEL01TERMFRA01DEAL-TRUCK-01;07/07/2025-00:00:00;08/07/2025-00:00:00;7.0;0.0;;1.7142857142857142;;1.1428571428571428;0.8571428571428571;1.7142857142857142;0.5714285714285714;0.5714285714285714;;;;1.0952380952380951;0.5242422455056336;3.9969709481272306
PLT;238;transport0238;BEL01TERMFRA01DEAL-TRUCK-01;08/07/2025-00:00:00;09/07/2025-00:00:00;7.0;0.0;;1.4285714285714286;1.7142857142857142;1.2857142857142858;0.7142857142857143;1.7142857142857142;;;1.7142857142857142;2.0;1.7142857142857142;1.5357142857142856;0.39493882612986997;7.0
PLT;239;transport0239;BEL01TERMFRA01DEAL-TRUCK-01;09/07/2025-00:00:00;10/07/2025-00:00:00;7.0;0.0;;1.5714285714285714;1.5714285714285714;;1.1428571428571428;0.42857142857142855;2.142857142857143;2.5714285714285716;1.2857142857142858;;1.7142857142857142;1.5535714285714286;0.6454031217033066;6.357178148076854
PLT;240;transport0240;BEL01TERMFRA01DEAL-TRUCK-01;10/07/2025-00:00:00;11/07/2025-00:00:00;7.0;0.0;;0.42857142857142855;1.4285714285714286;3.0;0.5714285714285714;1.2857142857142858;1.5714285714285714;0.42857142857142855;;0.7142857142857143;0.7142857142857143;1.126984126984127;0.8251296881506408;2.1129810718344033
PLT;241;transport0241;BEL01TERMFRA01DEAL-TRUCK-01;11/07/2025-00:00:00;12/07/2025-00:00:00;7.0;0.0;;;1.4285714285714286;1.2857142857142858;1.1428571428571428;1.4285714285714286;1.5714285714285714;0.7142857142857143;0.42857142857142855;3.142857142857143;1.2857142857142858;1.380952380952381;0.7559289460184544;4.3751640445374855
PLT;242;transport0242;BEL01TERMFRA01DEAL-TRUCK-01;14/07/2025-00:00:00;15/07/2025-00:00:00;7.0;0.0;;1.0;0.7142857142857143;1.8571428571428572;1.1428571428571428;1.5714285714285714;1.7142857142857142;1.5714285714285714;0.42857142857142855;1.0;;1.2222222222222223;0.4850368758919848;5.160297424311663
PLT;243;transport0243;BEL01TERMFRA01DEAL-TRUCK-01;15/07/2025-00:00:00;16/07/2025-00:00:00;7.0;0.0;;0.42857142857142855;0.42857142857142855;1.5714285714285714;1.8571428571428572;1.5714285714285714;1.2857142857142858;0.7142857142857143;0.42857142857142855;1.5714285714285714;2.0;1.1857142857142855;0.6246994742326714;3.927103680371299
PLT;244;transport0244;BEL01TERMFRA01DEAL-TRUCK-01;16/07/2025-00:00:00;17/07/2025-00:00:00;7.0;0.0;;1.4285714285714286;1.5714285714285714;0.42857142857142855;1.0;0.42857142857142855;0.8571428571428571;0.7142857142857143;1.0;0.7142857142857143;0.8571428571428571;0.9;0.37525501533039135;3.6732148926872603
PLT;245;transport0245;BEL01TERMFRA01DEAL-TRUCK-01;17/07/2025-00:00:00;18/07/2025-00:00:00;7.0;0.0;;0.8571428571428571;1.2857142857142858;0.5714285714285714;0.5714285714285714;0.7142857142857143;;0.8571428571428571;;0.7142857142857143;1.0;0.8214285714285714;0.23843513154179438;4.080954079207439
PLT;246;transport0246;BEL01TERMFRA01DEAL-TRUCK-01;18/07/2025-00:00:00;19/07/2025-00:00:00;7.0;0.0;;0.7142857142857143;0.8571428571428571;0.8571428571428571;1.5714285714285714;1.7142857142857142;3.0;1.4285714285714286;2.4285714285714284;1.4285714285714286;1.7142857142857142;1.5714285714285714;0.7158712561129956;5.988901207209031
PLT;247;transport0247;BEL01TERMFRA01DEAL-TRUCK-01;21/07/2025-00:00:00;22/07/2025-00:00:00;7.0;0.0;;1.7142857142857142;;1.4285714285714286;0.7142857142857143;1.5714285714285714;1.5714285714285714;0.8571428571428571;1.5714285714285714;0.8571428571428571;1.1428571428571428;1.2698412698412698;0.38095238095238093;6.222222222222221
PLT;248;transport0248;BEL01TERMFRA01DEAL-TRUCK-01;22/07/2025-00:00:00;23/07/2025-00:00:00;7.0;0.0;;;1.4285714285714286;1.0;1.1428571428571428;1.1428571428571428;1.0;1.2857142857142858;0.5714285714285714;1.2857142857142858;;1.1071428571428572;0.2617501089465441;5.917749237374191
PLT;249;transport0249;BEL01TERMFRA01DEAL-TRUCK-01;23/07/2025-00:00:00;24/07/2025-00:00:00;7.0;0.0;;1.2857142857142858;1.2857142857142858;0.5714285714285714;1.5714285714285714;0.42857142857142855;;0.8571428571428571;0.42857142857142855;0.42857142857142855;2.142857142857143;1.0;0.6102859818083951;2.7279981273412344
PLT;250;transport0250;BEL01TERMFRA01DEAL-TRUCK-01;24/07/2025-00:00:00;25/07/2025-00:00:00;7.0;0.0;;1.4285714285714286;1.4285714285714286;1.0;1.7142857142857142;1.1428571428571428;1.1428571428571428;;1.7142857142857142;1.2857142857142858;0.5714285714285714;1.2698412698412698;0.360303475010037;6.366764563818629
PLT;251;transport0251;BEL01TERMFRA01DEAL-TRUCK-01;25/07/2025-00:00:00;26/07/2025-00:00:00;7.0;0.0;;1.8571428571428572;0.8571428571428571;1.7142857142857142;0.8571428571428571;;2.4285714285714284;2.4285714285714284;1.5714285714285714;0.42857142857142855;0.42857142857142855;1.3968253968253967;0.7849924534206921;4.282830603832933
PLT;252;transport0252;BEL01TERMFRA01DEAL-TRUCK-01;28/07/2025-00:00:00;29/07/2025-00:00:00;7.0;0.0;;0.7142857142857143;1.2857142857142858;;1.5714285714285714;0.8571428571428571;0.8571428571428571;0.7142857142857143;0.8571428571428571;1.2857142857142858;1.1428571428571428;1.0317460317460316;0.3011693009684171;5.114037115443302
PLT;253;transport0253;BEL01TERMFRA01DEAL-TRUCK-01;29/07/2025-00:00:00;30/07/2025-00:00:00;7.0;0.0;;0.5714285714285714;0.5714285714285714;2.2857142857142856;0.7142857142857143;0.42857142857142855;1.5714285714285714;0.8571428571428571;1.1428571428571428;0.7142857142857143;0.5714285714285714;0.9428571428571427;0.580093041251088;2.5393487112423836
PLT;254;transport0254;BEL01TERMFRA01DEAL-TRUCK-01;30/07/2025-00:00:00;31/07/2025-00:00:00;7.0;0.0;;;1.4285714285714286;0.7142857142857143;1.2857142857142858;1.0;1.7142857142857142;;1.5714285714285714;0.5714285714285714;0.8571428571428571;1.1428571428571428;0.4182428884065142;5.072299781154401
PLT;255;transport0255;BEL01TERMFRA01DEAL-TRUCK-01;31/07/2025-00:00:00;01/08/2025-00:00:00;7.0;0.0;;2.2857142857142856;;0.8571428571428571;1.5714285714285714;0.7142857142857143;0.42857142857142855;2.2857142857142856;0.5714285714285714;1.5714285714285714;1.7142857142857142;1.333333333333333;0.7142857142857142;4.333333333333332
PLT;256;transport0256;BEL01TERMFRA01DEAL-TRUCK-02;02/06/2025-00:00:00;03/06/2025-00:00:00;7.0;595.0;;0.7142857142857143;1.5714285714285714;1.5714285714285714;1.2857142857142858;0.7142857142857143;0.42857142857142855;0.42857142857142855;1.5714285714285714;0.5714285714285714;1.2857142857142858;1.0142857142857142;0.48771762396454726;3.6859766322481686
PLT;257;transport0257;BEL01TERMFRA01DEAL-TRUCK-02;03/06/2025-00:00:00;04/06/2025-00:00:00;7.0;595.0;;1.8571428571428572;1.0;1.5714285714285714;0.8571428571428571;0.7142857142857143;0.42857142857142855;1.4285714285714286;1.1428571428571428;0.8571428571428571;;1.0952380952380953;0.45175395145262565;4.504389006498288
PLT;258;transport0258;BEL01TERMFRA01DEAL-TRUCK-02;04/06/2025-00:00:00;05/06/2025-00:00:00;7.0;595.0;;1.1428571428571428;1.1428571428571428;1.1428571428571428;1.4285714285714286;0.5714285714285714;1.4285714285714286;1.0;1.2857142857142858;0.8571428571428571;1.8571428571428572;1.1857142857142857;0.35025096282730084;5.8482432602088945
PLT;259;transport0259;BEL01TERMFRA01DEAL-TRUCK-02;05/06/2025-00:00:00;06/06/2025-00:00:00;7.0;595.0;;;1.1428571428571428;1.2857142857142858;;1.4285714285714286;0.7142857142857143;1.7142857142857142;;0.5714285714285714;0.5714285714285714;1.0612244897959184;0.45067706326671797;4.273831985704403
PLT;260;transport0260;BEL01TERMFRA01DEAL-TRUCK-02;06/06/2025-00:00:00;07/06/2025-00:00:00;7.0;595.0;;1.0;1.4285714285714286;0.5714285714285714;2.142857142857143;1.0;0.42857142857142855;1.0;1.1428571428571428;1.0;;1.0793650793650795;0.4954440963496384;4.087446881108088
PLT;261;transport0261;BEL01TERMFRA01DEAL-TRUCK-02;09/06/2025-00:00:00;10/06/2025-00:00:00;7.0;595.0;;;1.0;0.5714285714285714;1.0;1.0;1.7142857142857142;1.8571428571428572;1.5714285714285714;0.8571428571428571;0.7142857142857143;1.1428571428571428;0.4573660169594892;4.798437881283575
PLT;262;transport0262;BEL01TERMFRA01DEAL-TRUCK-02;10/06/2025-00:00:00;11/06/2025-00:00:00;7.0;595.0;;2.5714285714285716;0.42857142857142855;1.7142857142857142;1.7142857142857142;1.0;1.0;;1.7142857142857142;0.8571428571428571;0.5714285714285714;1.2857142857142856;0.6888321972137825;4.178174619503522
PLT;263;transport0263;BEL01TERMFRA01DEAL-TRUCK-02;11/06/2025-00:00:00;12/06/2025-00:00:00;7.0;595.0;;1.4285714285714286;1.7142857142857142;;1.5714285714285714;0.8571428571428571;1.7142857142857142;2.857142857142857;0.42857142857142855;0.8571428571428571;1.4285714285714286;1.4285714285714284;0.6961995960577831;5.126602827595517
PLT;264;transport0264;BEL01TERMFRA01DEAL-TRUCK-02;12/06/2025-00:00:00;13/06/2025-00:00:00;7.0;595.0;;;;1.8571428571428572;0.8571428571428571;1.7142857142857142;1.2857142857142858;1.2857142857142858;;0.7142857142857143;;1.2857142857142858;0.45175395145262565;5.837722339831621
PLT;265;transport0265;BEL01TERMFRA01DEAL-TRUCK-02;13/06/2025-00:00:00;14/06/2025-00:00:00;7.0;595.0;;2.0;1.4285714285714286;1.0;0.8571428571428571;1.7142857142857142;1.5714285714285714;0.8571428571428571;2.0;1.4285714285714286;2.5714285714285716;1.542857142857143;0.5545114905908434;6.918419565864097
PLT;266;transport0266;BEL01TERMFRA01DEAL-TRUCK-02;16/06/2025-00:00:00;17/06/2025-00:00:00;7.0;595.0;;0.8571428571428571;0.42857142857142855;1.1428571428571428;1.2857142857142858;1.1428571428571428;0.7142857142857143;1.2857142857142858;1.0;0.7142857142857143;0.7142857142857143;0.9285714285714285;0.2876915707998708;4.486159004400904
PLT;267;transport0267;BEL01TERMFRA01DEAL-TRUCK-02;17/06/2025-00:00:00;18/06/2025-00:00:00;7.0;595.0;;1.2857142857142858;1.1428571428571428;1.4285714285714286;0.7142857142857143;1.1428571428571428;1.1428571428571428;0.42857142857142855;;1.1428571428571428;0.5714285714285714;0.9999999999999998;0.34255939452233714;4.602084238343639
PLT;268;transport0268;BEL01TERMFRA01DEAL-TRUCK-02;18/06/2025-00:00:00;19/06/2025-00:00:00;7.0;595.0;;0.42857142857142855;1.7142857142857142;1.5714285714285714;1.4285714285714286;1.4285714285714286;0.42857142857142855;1.4285714285714286;2.0;1.1428571428571428;1.7142857142857142;1.3285714285714285;0.5261850893928103;5.616704374250328
PLT;269;transport0269;BEL01TERMFRA01DEAL-TRUCK-02;19/06/2025-00:00:00;20/06/2025-00:00:00;7.0;595.0;;;0.8571428571428571;1.2857142857142858;1.5714285714285714;1.5714285714285714;1.4285714285714286;;0.5714285714285714;1.1428571428571428;1.4285714285714286;1.2321428571428572;0.3576526973126915;6.12143111881116
PLT;270;transport0270;BEL01TERMFRA01DEAL-TRUCK-02;20/06/2025-00:00:00;21/06/2025-00:00:00;7.0;595.0;;2.2857142857142856;;1.2857142857142858;0.8571428571428571;0.7142857142857143;1.2857142857142858;1.7142857142857142;;1.5714285714285714;1.4285714285714286;1.3928571428571428;0.4933966287239421;6.296223598932405
PLT;271;transport0271;BEL01TERMFRA01DEAL-TRUCK-02;23/06/2025-00:00:00;24/06/2025-00:00:00;7.0;595.0;;0.8571428571428571;0.5714285714285714;1.2857142857142858;1.4285714285714286;1.5714285714285714;1.2857142857142858;0.8571428571428571;1.0;0.42857142857142855;1.1428571428571428;1.042857142857143;0.369162808444082;4.715860340891426
PLT;272;transport0272;BEL01TERMFRA01DEAL-TRUCK-02;24/06/2025-00:00:00;25/06/2025-00:00:00;7.0;595.0;;0.7142857142857143;1.5714285714285714;1.5714285714285714;0.8571428571428571;1.0;;1.5714285714285714;1.5714285714285714;0.7142857142857143;1.4285714285714286;1.222222222222222;0.3919542293608173;5.811875950029833
PLT;273;transport0273;BEL01TERMFRA01DEAL-TRUCK-02;25/06/2025-00:00:00;26/06/2025-00:00:00;7.0;595.0;;1.4285714285714286;0.42857142857142855;0.7142857142857143;1.0;1.0;1.4285714285714286;1.1428571428571428;1.5714285714285714;1.7142857142857142;;1.1587301587301588;0.41920992527759543;5.176641634167944
PLT;274;transport0274;BEL01TERMFRA01DEAL-TRUCK-02;26/06/2025-00:00:00;27/06/2025-00:00:00;7.0;595.0;;1.4285714285714286;0.8571428571428571;0.42857142857142855;1.5714285714285714;1.7142857142857142;0.7142857142857143;0.42857142857142855;0.42857142857142855;0.5714285714285714;2.4285714285714284;1.0571428571428572;0.6907224519797617;2.564942836141668
PLT;275;transport0275;BEL01TERMFRA01DEAL-TRUCK-02;27/06/2025-00:00:00;28/06/2025-00:00:00;7.0;595.0;;0.42857142857142855;0.8571428571428571;1.1428571428571428;;0.7142857142857143;1.4285714285714286;;1.5714285714285714;0.5714285714285714;0.8571428571428571;0.9464285714285714;0.40360980492992055;3.7997313654905556
PLT;276;transport0276;BEL01TERMFRA01DEAL-TRUCK-02;30/06/2025-00:00:00;01/07/2025-00:00:00;7.0;595.0;;0.5714285714285714;1.7142857142857142;1.7142857142857142;0.7142857142857143;0.5714285714285714;1.7142857142857142;;0.7142857142857143;0.5714285714285714;1.2857142857142858;1.0634920634920635;0.5350525012915293;3.6990769354037396
PLT;277;transport0277;BEL01TERMFRA01DEAL-TRUCK-02;01/07/2025-00:00:00;02/07/2025-00:00:00;7.0;595.0;;1.7142857142857142;1.2857142857142858;0.7142857142857143;;1.1428571428571428;0.7142857142857143;1.5714285714285714;1.7142857142857142;0.8571428571428571;0.7142857142857143;1.1587301587301588;0.4312088161017817;5.09264939839864
PLT;278;transport0278;BEL01TERMFRA01DEAL-TRUCK-02;02/07/2025-00:00:00;03/07/2025-00:00:00;7.0;595.0;;0.5714285714285714;1.0;1.7142857142857142;2.7142857142857144;1.7142857142857142;1.5714285714285714;2.0;1.2857142857142858;0.5714285714285714;1.1428571428571428;1.4285714285714284;0.659828879073858;5.381197846482992
PLT;279;transport0279;BEL01TERMFRA01DEAL-TRUCK-02;03/07/2025-00:00:00;04/07/2025-00:00:00;7.0;595.0;;1.2857142857142858;1.4285714285714286;0.7142857142857143;0.42857142857142855;0.7142857142857143;1.1428571428571428;1.2857142857142858;1.4285714285714286;1.5714285714285714;0.7142857142857143;1.0714285714285714;0.3941177466011155;4.741175773792191
PLT;280;transport0280;BEL01TERMFRA01DEAL-TRUCK-02;04/07/2025-00:00:00;05/07/2025-00:00:00;7.0;595.0;;1.4285714285714286;0.8571428571428571;1.8571428571428572;0.7142857142857143;0.42857142857142855;1.2857142857142858;1.2857142857142858;1.2857142857142858;1.0;1.5714285714285714;1.1714285714285715;0.4248515813941993;5.226038930240605
PLT;281;transport0281;BEL01TERMFRA01DEAL-TRUCK-02;07/07/2025-00:00:00;08/07/2025-00:00:00;7.0;595.0;;1.7142857142857142;;1.1428571428571428;0.8571428571428571;1.7142857142857142;0.5714285714285714;0.5714285714285714;;;;1.0952380952380951;0.5242422455056336;3.9969709481272306
PLT;282;transport0282;BEL01TERMFRA01DEAL-TRUCK-02;08/07/2025-00:00:00;09/07/2025-00:00:00;7.0;595.0;;1.4285714285714286;1.7142857142857142;1.2857142857142858;0.7142857142857143;1.7142857142857142;;;1.7142857142857142;2.0;1.7142857142857142;1.5357142857142856;0.39493882612986997;7.0
PLT;283;transport0283;BEL01TERMFRA01DEAL-TRUCK-02;09/07/2025-00:00:00;10/07/2025-00:00:00;7.0;595.0;;1.5714285714285714;1.5714285714285714;;1.1428571428571428;0.42857142857142855;2.142857142857143;2.5714285714285716;1.2857142857142858;;1.7142857142857142;1.5535714285714286;0.6454031217033066;6.357178148076854
PLT;284;transport0284;BEL01TERMFRA01DEAL-TRUCK-02;10/07/2025-00:00:00;11/07/2025-00:00:00;7.0;595.0;;0.42857142857142855;1.4285714285714286;3.0;0.5714285714285714;1.2857142857142858;1.5714285714285714;0.42857142857142855;;0.7142857142857143;0.7142857142857143;1.126984126984127;0.8251296881506408;2.1129810718344033
PLT;285;transport0285;BEL01TERMFRA01DEAL-TRUCK-02;11/07/2025-00:00:00;12/07/2025-00:00:00;7.0;595.0;;;1.4285714285714286;1.2857142857142858;1.1428571428571428;1.4285714285714286;1.5714285714285714;0.7142857142857143;0.42857142857142855;3.142857142857143;1.2857142857142858;1.380952380952381;0.7559289460184544;4.3751640445374855
PLT;286;transport0286;BEL01TERMFRA01DEAL-TRUCK-02;14/07/2025-00:00:00;15/07/2025-00:00:00;7.0;595.0;;1.0;0.7142857142857143;1.8571428571428572;1.1428571428571428;1.5714285714285714;1.7142857142857142;1.5714285714285714;0.42857142857142855;1.0;;1.2222222222222223;0.4850368758919848;5.160297424311663
PLT;287;transport0287;BEL01TERMFRA01DEAL-TRUCK-02;15/07/2025-00:00:00;16/07/2025-00:00:00;7.0;595.0;;0.42857142857142855;0.42857142857142855;1.5714285714285714;1.8571428571428572;1.5714285714285714;1.2857142857142858;0.7142857142857143;0.42857142857142855;1.5714285714285714;2.0;1.1857142857142855;0.6246994742326714;3.927103680371299
PLT;288;transport0288;BEL01TERMFRA01DEAL-TRUCK-02;16/07/2025-00:00:00;17/07/2025-00:00:00;7.0;595.0;;1.4285714285714286;1.5714285714285714;0.42857142857142855;1.0;0.42857142857142855;0.8571428571428571;0.7142857142857143;1.0;0.7142857142857143;0.8571428571428571;0.9;0.37525501533039135;3.6732148926872603
PLT;289;transport0289;BEL01TERMFRA01DEAL-TRUCK-02;17/07/2025-00:00:00;18/07/2025-00:00:00;7.0;595.0;;0.8571428571428571;1.2857142857142858;0.5714285714285714;0.5714285714285714;0.7142857142857143;;0.8571428571428571;;0.7142857142857143;1.0;0.8214285714285714;0.23843513154179438;4.080954079207439
PLT;290;transport0290;BEL01TERMFRA01DEAL-TRUCK-02;18/07/2025-00:00:00;19/07/2025-00:00:00;7.0;595.0;;0.7142857142857143;0.8571428571428571;0.8571428571428571;1.5714285714285714;1.7142857142857142;3.0;1.4285714285714286;2.4285714285714284;1.4285714285714286;1.7142857142857142;1.5714285714285714;0.7158712561129956;5.988901207209031
PLT;291;transport0291;BEL01TERMFRA01DEAL-TRUCK-02;21/07/2025-00:00:00;22/07/2025-00:00:00;7.0;595.0;;1.7142857142857142;;1.4285714285714286;0.7142857142857143;1.5714285714285714;1.5714285714285714;0.8571428571428571;1.5714285714285714;0.8571428571428571;1.1428571428571428;1.2698412698412698;0.38095238095238093;6.222222222222221
PLT;292;transport0292;BEL01TERMFRA01DEAL-TRUCK-02;22/07/2025-00:00:00;23/07/2025-00:00:00;7.0;595.0;;;1.4285714285714286;1.0;1.1428571428571428;1.1428571428571428;1.0;1.2857142857142858;0.5714285714285714;1.2857142857142858;;1.1071428571428572;0.2617501089465441;5.917749237374191
PLT;293;transport0293;BEL01TERMFRA01DEAL-TRUCK-02;23/07/2025-00:00:00;24/07/2025-00:00:00;7.0;595.0;;1.2857142857142858;1.2857142857142858;0.5714285714285714;1.5714285714285714;0.42857142857142855;;0.8571428571428571;0.42857142857142855;0.42857142857142855;2.142857142857143;1.0;0.6102859818083951;2.7279981273412344
PLT;294;transport0294;BEL01TERMFRA01DEAL-TRUCK-02;24/07/2025-00:00:00;25/07/2025-00:00:00;7.0;595.0;;1.4285714285714286;1.4285714285714286;1.0;1.7142857142857142;1.1428571428571428;1.1428571428571428;;1.7142857142857142;1.2857142857142858;0.5714285714285714;1.2698412698412698;0.360303475010037;6.366764563818629
PLT;295;transport0295;BEL01TERMFRA01DEAL-TRUCK-02;25/07/2025-00:00:00;26/07/2025-00:00:00;7.0;595.0;;1.8571428571428572;0.8571428571428571;1.7142857142857142;0.8571428571428571;;2.4285714285714284;2.4285714285714284;1.5714285714285714;0.42857142857142855;0.42857142857142855;1.3968253968253967;0.7849924534206921;4.282830603832933
PLT;296;transport0296;BEL01TERMFRA01DEAL-TRUCK-02;28/07/2025-00:00:00;29/07/2025-00:00:00;7.0;595.0;;0.7142857142857143;1.2857142857142858;;1.5714285714285714;0.8571428571428571;0.8571428571428571;0.7142857142857143;0.8571428571428571;1.2857142857142858;1.1428571428571428;1.0317460317460316;0.3011693009684171;5.114037115443302
PLT;297;transport0297;BEL01TERMFRA01DEAL-TRUCK-02;29/07/2025-00:00:00;30/07/2025-00:00:00;7.0;595.0;;0.5714285714285714;0.5714285714285714;2.2857142857142856;0.7142857142857143;0.42857142857142855;1.5714285714285714;0.8571428571428571;1.1428571428571428;0.7142857142857143;0.5714285714285714;0.9428571428571427;0.580093041251088;2.5393487112423836
PLT;298;transport0298;BEL01TERMFRA01DEAL-TRUCK-02;30/07/2025-00:00:00;31/07/2025-00:00:00;7.0;595.0;;;1.4285714285714286;0.7142857142857143;1.2857142857142858;1.0;1.7142857142857142;;1.5714285714285714;0.5714285714285714;0.8571428571428571;1.1428571428571428;0.4182428884065142;5.072299781154401
PLT;299;transport0299;BEL01TERMFRA01DEAL-TRUCK-02;31/07/2025-00:00:00;01/08/2025-00:00:00;7.0;595.0;;2.2857142857142856;;0.8571428571428571;1.5714285714285714;0.7142857142857143;0.42857142857142855;2.2857142857142856;0.5714285714285714;1.5714285714285714;1.7142857142857142;1.333333333333333;0.7142857142857142;4.333333333333332
