#PLT-Keyword;PlannedTransportID;PlannedTransportCode;PathSegmentCode;Departure;Arrival;Capacity;TotalPrice;Unnamed: 8;CapacityAbsDiff001;CapacityAbsDiff002;CapacityAbsDiff003;CapacityAbsDiff004;CapacityAbsDiff005;CapacityAbsDiff006;CapacityAbsDiff007;CapacityAbsDiff008;CapacityAbsDiff009;CapacityAbsDiff010
PLT;1;transport0001;GER01PLANTGER02TERM-TRAIN-01;02/06/2025-00:00:00;05/06/2025-00:00:00;21.0;0.0;;;1.0;1.0;1.0;1.0;1.0;1.0;1.0;;1.0
PLT;2;transport0002;GER01PLANTGER02TERM-TRAIN-01;03/06/2025-00:00:00;06/06/2025-00:00:00;21.0;0.0;;22.0;1.0;1.0;1.0;;;1.0;1.0;22.0;1.0
PLT;3;transport0003;GER01PLANTGER02TERM-TRAIN-01;05/06/2025-00:00:00;08/06/2025-00:00:00;21.0;0.0;;1.0;1.0;1.0;1.0;;1.0;1.0;1.0;1.0;
PLT;4;transport0004;GER01PLANTGER02TERM-TRAIN-01;09/06/2025-00:00:00;12/06/2025-00:00:00;21.0;0.0;;1.0;1.0;1.0;1.0;1.0;1.0;;1.0;1.0;1.0
PLT;5;transport0005;GER01PLANTGER02TERM-TRAIN-01;10/06/2025-00:00:00;13/06/2025-00:00:00;21.0;0.0;;1.0;;1.0;;1.0;1.0;22.0;1.0;;
PLT;6;transport0006;GER01PLANTGER02TERM-TRAIN-01;12/06/2025-00:00:00;15/06/2025-00:00:00;21.0;0.0;;1.0;1.0;1.0;1.0;1.0;1.0;1.0;;1.0;
PLT;7;transport0007;GER01PLANTGER02TERM-TRAIN-01;16/06/2025-00:00:00;19/06/2025-00:00:00;21.0;0.0;;1.0;1.0;1.0;1.0;1.0;1.0;1.0;1.0;1.0;1.0
PLT;8;transport0008;GER01PLANTGER02TERM-TRAIN-01;17/06/2025-00:00:00;20/06/2025-00:00:00;21.0;0.0;;1.0;1.0;1.0;1.0;1.0;1.0;;;;1.0
PLT;9;transport0009;GER01PLANTGER02TERM-TRAIN-01;19/06/2025-00:00:00;22/06/2025-00:00:00;21.0;0.0;;1.0;1.0;1.0;1.0;1.0;1.0;;1.0;1.0;1.0
PLT;10;transport0010;GER01PLANTGER02TERM-TRAIN-01;23/06/2025-00:00:00;26/06/2025-00:00:00;21.0;0.0;;1.0;1.0;1.0;1.0;;1.0;1.0;;;1.0
PLT;11;transport0011;GER01PLANTGER02TERM-TRAIN-01;24/06/2025-00:00:00;27/06/2025-00:00:00;21.0;0.0;;1.0;;;1.0;22.0;1.0;1.0;22.0;22.0;1.0
PLT;12;transport0012;GER01PLANTGER02TERM-TRAIN-01;26/06/2025-00:00:00;29/06/2025-00:00:00;21.0;0.0;;1.0;;1.0;1.0;1.0;1.0;1.0;;;1.0
PLT;13;transport0013;GER01PLANTGER02TERM-TRAIN-01;30/06/2025-00:00:00;03/07/2025-00:00:00;21.0;0.0;;1.0;1.0;1.0;;1.0;1.0;1.0;1.0;1.0;1.0
PLT;14;transport0014;GER01PLANTGER02TERM-TRAIN-01;01/07/2025-00:00:00;04/07/2025-00:00:00;21.0;0.0;;1.0;1.0;1.0;1.0;1.0;1.0;1.0;1.0;1.0;1.0
PLT;15;transport0015;GER01PLANTGER02TERM-TRAIN-01;03/07/2025-00:00:00;06/07/2025-00:00:00;21.0;0.0;;;1.0;1.0;1.0;1.0;1.0;1.0;1.0;1.0;1.0
PLT;16;transport0016;GER01PLANTGER02TERM-TRAIN-01;07/07/2025-00:00:00;10/07/2025-00:00:00;21.0;0.0;;1.0;1.0;1.0;1.0;1.0;1.0;1.0;1.0;1.0;
PLT;17;transport0017;GER01PLANTGER02TERM-TRAIN-01;08/07/2025-00:00:00;11/07/2025-00:00:00;21.0;0.0;;1.0;1.0;;;1.0;1.0;1.0;1.0;1.0;22.0
PLT;18;transport0018;GER01PLANTGER02TERM-TRAIN-01;10/07/2025-00:00:00;13/07/2025-00:00:00;21.0;0.0;;1.0;;1.0;1.0;1.0;;1.0;1.0;1.0;1.0
PLT;19;transport0019;GER01PLANTGER02TERM-TRAIN-01;14/07/2025-00:00:00;17/07/2025-00:00:00;21.0;0.0;;1.0;;1.0;1.0;;1.0;1.0;1.0;1.0;1.0
PLT;20;transport0020;GER01PLANTGER02TERM-TRAIN-01;15/07/2025-00:00:00;18/07/2025-00:00:00;21.0;0.0;;1.0;22.0;1.0;1.0;22.0;1.0;;;1.0;1.0
PLT;21;transport0021;GER01PLANTGER02TERM-TRAIN-01;17/07/2025-00:00:00;20/07/2025-00:00:00;21.0;0.0;;1.0;1.0;;1.0;;1.0;1.0;1.0;1.0;
PLT;22;transport0022;GER01PLANTGER02TERM-TRAIN-01;21/07/2025-00:00:00;24/07/2025-00:00:00;21.0;0.0;;1.0;1.0;1.0;;1.0;1.0;;1.0;1.0;
PLT;23;transport0023;GER01PLANTGER02TERM-TRAIN-01;22/07/2025-00:00:00;25/07/2025-00:00:00;21.0;0.0;;;1.0;1.0;22.0;1.0;1.0;1.0;1.0;1.0;1.0
PLT;24;transport0024;GER01PLANTGER02TERM-TRAIN-01;24/07/2025-00:00:00;27/07/2025-00:00:00;21.0;0.0;;1.0;1.0;1.0;1.0;;1.0;1.0;1.0;1.0;
PLT;25;transport0025;GER01PLANTGER02TERM-TRAIN-01;28/07/2025-00:00:00;31/07/2025-00:00:00;21.0;0.0;;1.0;1.0;1.0;1.0;1.0;;1.0;1.0;1.0;1.0
PLT;26;transport0026;GER01PLANTGER02TERM-TRAIN-01;29/07/2025-00:00:00;01/08/2025-00:00:00;21.0;0.0;;1.0;1.0;1.0;;1.0;22.0;;1.0;;1.0
PLT;27;transport0027;GER01PLANTGER02TERM-TRAIN-01;31/07/2025-00:00:00;03/08/2025-00:00:00;21.0;0.0;;;1.0;1.0;1.0;1.0;1.0;1.0;1.0;1.0;1.0
PLT;28;transport0028;GER01PLANTBEL01TERM-TRUCK-01;02/06/2025-00:00:00;04/06/2025-00:00:00;12.0;1740.0;;15.0;6.0;;7.0;10.0;6.0;4.0;5.0;6.0;14.0
PLT;29;transport0029;GER01PLANTBEL01TERM-TRUCK-01;03/06/2025-00:00:00;05/06/2025-00:00:00;12.0;1740.0;;12.0;13.0;;7.0;;;3.0;5.0;;3.0
PLT;30;transport0030;GER01PLANTBEL01TERM-TRUCK-01;04/06/2025-00:00:00;06/06/2025-00:00:00;15.0;2175.0;;;;;5.0;18.0;4.0;;4.0;;7.0
PLT;31;transport0031;GER01PLANTBEL01TERM-TRUCK-01;05/06/2025-00:00:00;07/06/2025-00:00:00;12.0;1740.0;;6.0;16.0;12.0;;15.0;15.0;15.0;;15.0;7.0
PLT;32;transport0032;GER01PLANTBEL01TERM-TRUCK-01;06/06/2025-00:00:00;08/06/2025-00:00:00;12.0;1740.0;;7.0;3.0;10.0;5.0;4.0;3.0;15.0;15.0;14.0;4.0
PLT;33;transport0033;GER01PLANTBEL01TERM-TRUCK-01;09/06/2025-00:00:00;11/06/2025-00:00:00;12.0;1740.0;;5.0;7.0;;15.0;3.0;6.0;6.0;6.0;;4.0
PLT;34;transport0034;GER01PLANTBEL01TERM-TRUCK-01;10/06/2025-00:00:00;12/06/2025-00:00:00;12.0;1740.0;;2.0;4.0;13.0;;7.0;6.0;;6.0;;5.0
PLT;35;transport0035;GER01PLANTBEL01TERM-TRUCK-01;11/06/2025-00:00:00;13/06/2025-00:00:00;15.0;2175.0;;;;;;7.0;;;;;5.0
PLT;36;transport0036;GER01PLANTBEL01TERM-TRUCK-01;12/06/2025-00:00:00;14/06/2025-00:00:00;12.0;1740.0;;14.0;15.0;11.0;14.0;6.0;10.0;;9.0;15.0;5.0
PLT;37;transport0037;GER01PLANTBEL01TERM-TRUCK-01;13/06/2025-00:00:00;15/06/2025-00:00:00;12.0;1740.0;;10.0;10.0;10.0;10.0;6.0;12.0;14.0;5.0;16.0;4.0
PLT;38;transport0038;GER01PLANTBEL01TERM-TRUCK-01;16/06/2025-00:00:00;18/06/2025-00:00:00;12.0;1740.0;;;3.0;10.0;12.0;;4.0;10.0;15.0;16.0;3.0
PLT;39;transport0039;GER01PLANTBEL01TERM-TRUCK-01;17/06/2025-00:00:00;19/06/2025-00:00:00;12.0;1740.0;;15.0;4.0;6.0;10.0;13.0;;12.0;;3.0;
PLT;40;transport0040;GER01PLANTBEL01TERM-TRUCK-01;18/06/2025-00:00:00;20/06/2025-00:00:00;15.0;2175.0;;;7.0;;6.0;4.0;;17.0;;6.0;
PLT;41;transport0041;GER01PLANTBEL01TERM-TRUCK-01;19/06/2025-00:00:00;21/06/2025-00:00:00;12.0;1740.0;;13.0;6.0;5.0;;;11.0;;11.0;5.0;16.0
PLT;42;transport0042;GER01PLANTBEL01TERM-TRUCK-01;20/06/2025-00:00:00;22/06/2025-00:00:00;12.0;1740.0;;12.0;4.0;;3.0;;14.0;3.0;11.0;5.0;15.0
PLT;43;transport0043;GER01PLANTBEL01TERM-TRUCK-01;23/06/2025-00:00:00;25/06/2025-00:00:00;12.0;1740.0;;13.0;3.0;12.0;6.0;11.0;10.0;;;3.0;15.0
PLT;44;transport0044;GER01PLANTBEL01TERM-TRUCK-01;24/06/2025-00:00:00;26/06/2025-00:00:00;12.0;1740.0;;;5.0;11.0;15.0;10.0;10.0;12.0;13.0;5.0;6.0
PLT;45;transport0045;GER01PLANTBEL01TERM-TRUCK-01;25/06/2025-00:00:00;27/06/2025-00:00:00;15.0;2175.0;;;;;;;;16.0;19.0;6.0;7.0
PLT;46;transport0046;GER01PLANTBEL01TERM-TRUCK-01;26/06/2025-00:00:00;28/06/2025-00:00:00;12.0;1740.0;;9.0;10.0;10.0;15.0;;;12.0;3.0;6.0;4.0
PLT;47;transport0047;GER01PLANTBEL01TERM-TRUCK-01;27/06/2025-00:00:00;29/06/2025-00:00:00;12.0;1740.0;;10.0;12.0;15.0;4.0;13.0;13.0;;4.0;5.0;3.0
PLT;48;transport0048;GER01PLANTBEL01TERM-TRUCK-01;30/06/2025-00:00:00;02/07/2025-00:00:00;12.0;1740.0;;15.0;;4.0;3.0;15.0;15.0;3.0;3.0;4.0;4.0
PLT;49;transport0049;GER01PLANTBEL01TERM-TRUCK-01;01/07/2025-00:00:00;03/07/2025-00:00:00;12.0;1740.0;;10.0;14.0;3.0;6.0;14.0;15.0;2.0;6.0;3.0;
PLT;50;transport0050;GER01PLANTBEL01TERM-TRUCK-01;02/07/2025-00:00:00;04/07/2025-00:00:00;15.0;2175.0;;;14.0;;;;8.0;;;;
PLT;51;transport0051;GER01PLANTBEL01TERM-TRUCK-01;03/07/2025-00:00:00;05/07/2025-00:00:00;12.0;1740.0;;4.0;4.0;3.0;11.0;;6.0;16.0;12.0;15.0;10.0
PLT;52;transport0052;GER01PLANTBEL01TERM-TRUCK-01;04/07/2025-00:00:00;06/07/2025-00:00:00;12.0;1740.0;;2.0;;;15.0;14.0;4.0;12.0;;14.0;15.0
PLT;53;transport0053;GER01PLANTBEL01TERM-TRUCK-01;07/07/2025-00:00:00;09/07/2025-00:00:00;12.0;1740.0;;5.0;13.0;12.0;6.0;;4.0;4.0;;7.0;10.0
PLT;54;transport0054;GER01PLANTBEL01TERM-TRUCK-01;08/07/2025-00:00:00;10/07/2025-00:00:00;12.0;1740.0;;12.0;6.0;15.0;5.0;16.0;;6.0;14.0;6.0;11.0
PLT;55;transport0055;GER01PLANTBEL01TERM-TRUCK-01;09/07/2025-00:00:00;11/07/2025-00:00:00;15.0;2175.0;;;;;;;;8.0;;;5.0
PLT;56;transport0056;GER01PLANTBEL01TERM-TRUCK-01;10/07/2025-00:00:00;12/07/2025-00:00:00;12.0;1740.0;;;14.0;12.0;5.0;13.0;14.0;7.0;9.0;;5.0
PLT;57;transport0057;GER01PLANTBEL01TERM-TRUCK-01;11/07/2025-00:00:00;13/07/2025-00:00:00;12.0;1740.0;;11.0;14.0;16.0;;4.0;9.0;4.0;11.0;12.0;
PLT;58;transport0058;GER01PLANTBEL01TERM-TRUCK-01;14/07/2025-00:00:00;16/07/2025-00:00:00;12.0;1740.0;;13.0;7.0;6.0;11.0;14.0;15.0;3.0;9.0;9.0;
PLT;59;transport0059;GER01PLANTBEL01TERM-TRUCK-01;15/07/2025-00:00:00;17/07/2025-00:00:00;12.0;1740.0;;11.0;2.0;5.0;13.0;7.0;10.0;;;12.0;16.0
PLT;60;transport0060;GER01PLANTBEL01TERM-TRUCK-01;16/07/2025-00:00:00;18/07/2025-00:00:00;15.0;2175.0;;;;;16.0;;;;;;15.0
PLT;61;transport0061;GER01PLANTBEL01TERM-TRUCK-01;17/07/2025-00:00:00;19/07/2025-00:00:00;12.0;1740.0;;16.0;3.0;6.0;3.0;;4.0;10.0;;12.0;15.0
PLT;62;transport0062;GER01PLANTBEL01TERM-TRUCK-01;18/07/2025-00:00:00;20/07/2025-00:00:00;12.0;1740.0;;4.0;;;5.0;9.0;;12.0;10.0;3.0;
PLT;63;transport0063;GER01PLANTBEL01TERM-TRUCK-01;21/07/2025-00:00:00;23/07/2025-00:00:00;12.0;1740.0;;3.0;15.0;14.0;6.0;13.0;11.0;15.0;10.0;4.0;5.0
PLT;64;transport0064;GER01PLANTBEL01TERM-TRUCK-01;22/07/2025-00:00:00;24/07/2025-00:00:00;12.0;1740.0;;3.0;;10.0;6.0;15.0;15.0;16.0;15.0;4.0;
PLT;65;transport0065;GER01PLANTBEL01TERM-TRUCK-01;23/07/2025-00:00:00;25/07/2025-00:00:00;15.0;2175.0;;;;13.0;;;18.0;;;;
PLT;66;transport0066;GER01PLANTBEL01TERM-TRUCK-01;24/07/2025-00:00:00;26/07/2025-00:00:00;12.0;1740.0;;11.0;9.0;5.0;;14.0;5.0;2.0;13.0;11.0;
PLT;67;transport0067;GER01PLANTBEL01TERM-TRUCK-01;25/07/2025-00:00:00;27/07/2025-00:00:00;12.0;1740.0;;15.0;16.0;;14.0;5.0;5.0;;;16.0;13.0
PLT;68;transport0068;GER01PLANTBEL01TERM-TRUCK-01;28/07/2025-00:00:00;30/07/2025-00:00:00;12.0;1740.0;;6.0;9.0;6.0;;4.0;4.0;11.0;14.0;;12.0
PLT;69;transport0069;GER01PLANTBEL01TERM-TRUCK-01;29/07/2025-00:00:00;31/07/2025-00:00:00;12.0;1740.0;;6.0;14.0;;13.0;4.0;3.0;11.0;9.0;13.0;9.0
PLT;70;transport0070;GER01PLANTBEL01TERM-TRUCK-01;30/07/2025-00:00:00;01/08/2025-00:00:00;15.0;2175.0;;;;14.0;;12.0;7.0;12.0;;;
PLT;71;transport0071;GER01PLANTBEL01TERM-TRUCK-01;31/07/2025-00:00:00;02/08/2025-00:00:00;12.0;1740.0;;4.0;7.0;15.0;;5.0;2.0;2.0;9.0;9.0;14.0
PLT;72;transport0072;GER01PLANTBEL01TERM-TRAIN-01;04/06/2025-00:00:00;07/06/2025-00:00:00;17.0;0.0;;1.0;1.0;1.0;;1.0;;;1.0;1.0;1.0
PLT;73;transport0073;GER01PLANTBEL01TERM-TRAIN-01;06/06/2025-00:00:00;09/06/2025-00:00:00;17.0;0.0;;;1.0;1.0;1.0;1.0;1.0;;1.0;1.0;1.0
PLT;74;transport0074;GER01PLANTBEL01TERM-TRAIN-01;11/06/2025-00:00:00;14/06/2025-00:00:00;17.0;0.0;;1.0;1.0;1.0;1.0;1.0;1.0;1.0;;1.0;1.0
PLT;75;transport0075;GER01PLANTBEL01TERM-TRAIN-01;13/06/2025-00:00:00;16/06/2025-00:00:00;17.0;0.0;;;1.0;1.0;1.0;;1.0;1.0;1.0;1.0;1.0
PLT;76;transport0076;GER01PLANTBEL01TERM-TRAIN-01;18/06/2025-00:00:00;21/06/2025-00:00:00;17.0;0.0;;1.0;1.0;1.0;;1.0;1.0;1.0;1.0;1.0;
PLT;77;transport0077;GER01PLANTBEL01TERM-TRAIN-01;20/06/2025-00:00:00;23/06/2025-00:00:00;17.0;0.0;;1.0;1.0;1.0;1.0;1.0;;1.0;1.0;;1.0
PLT;78;transport0078;GER01PLANTBEL01TERM-TRAIN-01;25/06/2025-00:00:00;28/06/2025-00:00:00;17.0;0.0;;1.0;1.0;1.0;1.0;1.0;1.0;1.0;1.0;1.0;1.0
PLT;79;transport0079;GER01PLANTBEL01TERM-TRAIN-01;27/06/2025-00:00:00;30/06/2025-00:00:00;17.0;0.0;;1.0;1.0;1.0;;1.0;1.0;1.0;1.0;1.0;1.0
PLT;80;transport0080;GER01PLANTBEL01TERM-TRAIN-01;02/07/2025-00:00:00;05/07/2025-00:00:00;17.0;0.0;;1.0;1.0;1.0;1.0;1.0;1.0;1.0;;1.0;
PLT;81;transport0081;GER01PLANTBEL01TERM-TRAIN-01;04/07/2025-00:00:00;07/07/2025-00:00:00;17.0;0.0;;1.0;;1.0;1.0;1.0;1.0;1.0;1.0;1.0;1.0
PLT;82;transport0082;GER01PLANTBEL01TERM-TRAIN-01;09/07/2025-00:00:00;12/07/2025-00:00:00;17.0;0.0;;1.0;1.0;1.0;1.0;1.0;1.0;1.0;1.0;1.0;1.0
PLT;83;transport0083;GER01PLANTBEL01TERM-TRAIN-01;11/07/2025-00:00:00;14/07/2025-00:00:00;17.0;0.0;;;;1.0;1.0;;;1.0;1.0;1.0;
PLT;84;transport0084;GER01PLANTBEL01TERM-TRAIN-01;16/07/2025-00:00:00;19/07/2025-00:00:00;17.0;0.0;;1.0;1.0;1.0;1.0;1.0;;1.0;;1.0;
PLT;85;transport0085;GER01PLANTBEL01TERM-TRAIN-01;18/07/2025-00:00:00;21/07/2025-00:00:00;17.0;0.0;;1.0;1.0;1.0;1.0;1.0;1.0;1.0;1.0;;1.0
PLT;86;transport0086;GER01PLANTBEL01TERM-TRAIN-01;23/07/2025-00:00:00;26/07/2025-00:00:00;17.0;0.0;;;1.0;1.0;1.0;1.0;1.0;1.0;1.0;;1.0
PLT;87;transport0087;GER01PLANTBEL01TERM-TRAIN-01;25/07/2025-00:00:00;28/07/2025-00:00:00;17.0;0.0;;1.0;1.0;1.0;1.0;;1.0;1.0;1.0;1.0;1.0
PLT;88;transport0088;GER01PLANTBEL01TERM-TRAIN-01;30/07/2025-00:00:00;02/08/2025-00:00:00;17.0;0.0;;;1.0;1.0;1.0;1.0;1.0;1.0;1.0;1.0;1.0
PLT;89;transport0089;GER02TERMITA01DEAL-TRUCK-01;04/06/2025-00:00:00;06/06/2025-00:00:00;23.0;0.0;;10.0;-1.0;10.0;;12.0;-5.0;5.0;-2.0;;12.0
PLT;90;transport0090;GER02TERMITA01DEAL-TRUCK-01;06/06/2025-00:00:00;08/06/2025-00:00:00;9.0;0.0;;-2.0;-3.0;9.0;2.0;6.0;;2.0;-2.0;0.0;4.0
PLT;91;transport0091;GER02TERMITA01DEAL-TRUCK-01;11/06/2025-00:00:00;13/06/2025-00:00:00;23.0;0.0;;10.0;-4.0;7.0;1.0;11.0;1.0;13.0;-4.0;-1.0;12.0
PLT;92;transport0092;GER02TERMITA01DEAL-TRUCK-01;13/06/2025-00:00:00;15/06/2025-00:00:00;9.0;0.0;;0.0;-1.0;-1.0;9.0;;1.0;9.0;2.0;;5.0
PLT;93;transport0093;GER02TERMITA01DEAL-TRUCK-01;18/06/2025-00:00:00;20/06/2025-00:00:00;23.0;0.0;;4.0;0.0;5.0;9.0;12.0;5.0;8.0;;0.0;4.0
PLT;94;transport0094;GER02TERMITA01DEAL-TRUCK-01;20/06/2025-00:00:00;22/06/2025-00:00:00;9.0;0.0;;7.0;9.0;-2.0;5.0;1.0;;4.0;0.0;;0.0
PLT;95;transport0095;GER02TERMITA01DEAL-TRUCK-01;25/06/2025-00:00:00;27/06/2025-00:00:00;23.0;0.0;;3.0;;13.0;;;0.0;7.0;-6.0;-4.0;8.0
PLT;96;transport0096;GER02TERMITA01DEAL-TRUCK-01;27/06/2025-00:00:00;29/06/2025-00:00:00;9.0;0.0;;0.0;-3.0;;2.0;1.0;-3.0;2.0;;2.0;3.0
PLT;97;transport0097;GER02TERMITA01DEAL-TRUCK-01;02/07/2025-00:00:00;04/07/2025-00:00:00;23.0;0.0;;3.0;-4.0;13.0;-2.0;-6.0;1.0;8.0;0.0;;
PLT;98;transport0098;GER02TERMITA01DEAL-TRUCK-01;04/07/2025-00:00:00;06/07/2025-00:00:00;9.0;0.0;;5.0;-1.0;8.0;2.0;1.0;-1.0;-1.0;0.0;-1.0;2.0
PLT;99;transport0099;GER02TERMITA01DEAL-TRUCK-01;09/07/2025-00:00:00;11/07/2025-00:00:00;23.0;0.0;;3.0;;5.0;13.0;;4.0;5.0;7.0;0.0;0.0
PLT;100;transport0100;GER02TERMITA01DEAL-TRUCK-01;11/07/2025-00:00:00;13/07/2025-00:00:00;9.0;0.0;;5.0;;-1.0;3.0;;9.0;4.0;2.0;7.0;9.0
PLT;101;transport0101;GER02TERMITA01DEAL-TRUCK-01;16/07/2025-00:00:00;18/07/2025-00:00:00;23.0;0.0;;9.0;0.0;4.0;8.0;-3.0;10.0;4.0;10.0;11.0;8.0
PLT;102;transport0102;GER02TERMITA01DEAL-TRUCK-01;18/07/2025-00:00:00;20/07/2025-00:00:00;9.0;0.0;;-1.0;-4.0;2.0;-1.0;-4.0;5.0;3.0;7.0;0.0;
PLT;103;transport0103;GER02TERMITA01DEAL-TRUCK-01;23/07/2025-00:00:00;25/07/2025-00:00:00;23.0;0.0;;13.0;-1.0;3.0;11.0;;10.0;3.0;11.0;4.0;12.0
PLT;104;transport0104;GER02TERMITA01DEAL-TRUCK-01;25/07/2025-00:00:00;27/07/2025-00:00:00;9.0;0.0;;;0.0;5.0;3.0;;-1.0;2.0;1.0;2.0;2.0
PLT;105;transport0105;GER02TERMITA01DEAL-TRUCK-01;30/07/2025-00:00:00;01/08/2025-00:00:00;23.0;0.0;;2.0;3.0;7.0;9.0;-1.0;7.0;;8.0;8.0;4.0
PLT;106;transport0106;GER02TERMFRA01DEAL-TRUCK-01;02/06/2025-00:00:00;04/06/2025-00:00:00;9.0;0.0;;2.0;;;-1.0;3.0;4.0;2.0;8.0;-1.0;1.0
PLT;107;transport0107;GER02TERMFRA01DEAL-TRUCK-01;03/06/2025-00:00:00;05/06/2025-00:00:00;9.0;0.0;;6.0;3.0;-3.0;3.0;;-1.0;3.0;1.0;0.0;-4.0
PLT;108;transport0108;GER02TERMFRA01DEAL-TRUCK-01;04/06/2025-00:00:00;06/06/2025-00:00:00;9.0;0.0;;8.0;;-3.0;;;5.0;5.0;5.0;-4.0;-2.0
PLT;109;transport0109;GER02TERMFRA01DEAL-TRUCK-01;05/06/2025-00:00:00;07/06/2025-00:00:00;9.0;0.0;;2.0;3.0;;3.0;3.0;-1.0;2.0;3.0;2.0;0.0
PLT;110;transport0110;GER02TERMFRA01DEAL-TRUCK-01;09/06/2025-00:00:00;11/06/2025-00:00:00;9.0;0.0;;4.0;;3.0;3.0;-2.0;7.0;7.0;;-2.0;0.0
PLT;111;transport0111;GER02TERMFRA01DEAL-TRUCK-01;10/06/2025-00:00:00;12/06/2025-00:00:00;9.0;0.0;;;-1.0;2.0;-3.0;-1.0;9.0;9.0;;-3.0;-1.0
PLT;112;transport0112;GER02TERMFRA01DEAL-TRUCK-01;11/06/2025-00:00:00;13/06/2025-00:00:00;9.0;0.0;;7.0;-1.0;0.0;2.0;-2.0;;9.0;-3.0;;
PLT;113;transport0113;GER02TERMFRA01DEAL-TRUCK-01;12/06/2025-00:00:00;14/06/2025-00:00:00;9.0;0.0;;9.0;2.0;-4.0;2.0;-4.0;5.0;5.0;-1.0;;-3.0
PLT;114;transport0114;GER02TERMFRA01DEAL-TRUCK-01;16/06/2025-00:00:00;18/06/2025-00:00:00;9.0;0.0;;3.0;-4.0;-1.0;1.0;-4.0;6.0;1.0;-3.0;-1.0;0.0
PLT;115;transport0115;GER02TERMFRA01DEAL-TRUCK-01;17/06/2025-00:00:00;19/06/2025-00:00:00;9.0;0.0;;6.0;-4.0;-3.0;0.0;;-2.0;4.0;1.0;3.0;-3.0
PLT;116;transport0116;GER02TERMFRA01DEAL-TRUCK-01;18/06/2025-00:00:00;20/06/2025-00:00:00;9.0;0.0;;2.0;2.0;-3.0;;-1.0;;7.0;3.0;-1.0;
PLT;117;transport0117;GER02TERMFRA01DEAL-TRUCK-01;19/06/2025-00:00:00;21/06/2025-00:00:00;9.0;0.0;;-2.0;-4.0;3.0;;3.0;2.0;4.0;;-3.0;3.0
PLT;118;transport0118;GER02TERMFRA01DEAL-TRUCK-01;23/06/2025-00:00:00;25/06/2025-00:00:00;9.0;0.0;;5.0;-2.0;-1.0;2.0;0.0;2.0;1.0;2.0;3.0;-3.0
PLT;119;transport0119;GER02TERMFRA01DEAL-TRUCK-01;24/06/2025-00:00:00;26/06/2025-00:00:00;9.0;0.0;;;-2.0;-4.0;3.0;2.0;-3.0;2.0;3.0;4.0;3.0
PLT;120;transport0120;GER02TERMFRA01DEAL-TRUCK-01;25/06/2025-00:00:00;27/06/2025-00:00:00;9.0;0.0;;;0.0;-3.0;1.0;;-3.0;3.0;2.0;-2.0;1.0
PLT;121;transport0121;GER02TERMFRA01DEAL-TRUCK-01;26/06/2025-00:00:00;28/06/2025-00:00:00;9.0;0.0;;-4.0;-1.0;-4.0;-2.0;-1.0;2.0;-1.0;0.0;-1.0;1.0
PLT;122;transport0122;GER02TERMFRA01DEAL-TRUCK-01;30/06/2025-00:00:00;02/07/2025-00:00:00;9.0;0.0;;2.0;-2.0;;1.0;-2.0;-4.0;6.0;-2.0;0.0;8.0
PLT;123;transport0123;GER02TERMFRA01DEAL-TRUCK-01;01/07/2025-00:00:00;03/07/2025-00:00:00;9.0;0.0;;-2.0;2.0;-4.0;9.0;-1.0;-4.0;2.0;-1.0;3.0;-2.0
PLT;124;transport0124;GER02TERMFRA01DEAL-TRUCK-01;02/07/2025-00:00:00;04/07/2025-00:00:00;9.0;0.0;;0.0;0.0;-1.0;2.0;-3.0;3.0;8.0;0.0;-3.0;5.0
PLT;125;transport0125;GER02TERMFRA01DEAL-TRUCK-01;03/07/2025-00:00:00;05/07/2025-00:00:00;9.0;0.0;;3.0;-2.0;-3.0;7.0;0.0;-1.0;6.0;-3.0;-3.0;6.0
PLT;126;transport0126;GER02TERMFRA01DEAL-TRUCK-01;07/07/2025-00:00:00;09/07/2025-00:00:00;9.0;0.0;;4.0;;3.0;0.0;-3.0;2.0;2.0;-1.0;2.0;0.0
PLT;127;transport0127;GER02TERMFRA01DEAL-TRUCK-01;08/07/2025-00:00:00;10/07/2025-00:00:00;9.0;0.0;;7.0;;-2.0;1.0;-1.0;2.0;-1.0;-1.0;-2.0;9.0
PLT;128;transport0128;GER02TERMFRA01DEAL-TRUCK-01;09/07/2025-00:00:00;11/07/2025-00:00:00;9.0;0.0;;2.0;2.0;2.0;;-2.0;6.0;7.0;-3.0;-2.0;-2.0
PLT;129;transport0129;GER02TERMFRA01DEAL-TRUCK-01;10/07/2025-00:00:00;12/07/2025-00:00:00;9.0;0.0;;2.0;-1.0;3.0;-2.0;;2.0;8.0;2.0;-2.0;-2.0
PLT;130;transport0130;GER02TERMFRA01DEAL-TRUCK-01;14/07/2025-00:00:00;16/07/2025-00:00:00;9.0;0.0;;4.0;3.0;4.0;3.0;-2.0;6.0;-1.0;2.0;-4.0;5.0
PLT;131;transport0131;GER02TERMFRA01DEAL-TRUCK-01;15/07/2025-00:00:00;17/07/2025-00:00:00;9.0;0.0;;-2.0;-3.0;9.0;-1.0;-2.0;;0.0;0.0;-2.0;3.0
PLT;132;transport0132;GER02TERMFRA01DEAL-TRUCK-01;16/07/2025-00:00:00;18/07/2025-00:00:00;9.0;0.0;;6.0;;;1.0;-4.0;4.0;8.0;2.0;-4.0;1.0
PLT;133;transport0133;GER02TERMFRA01DEAL-TRUCK-01;17/07/2025-00:00:00;19/07/2025-00:00:00;9.0;0.0;;6.0;3.0;-2.0;-1.0;-1.0;;2.0;1.0;-1.0;-2.0
PLT;134;transport0134;GER02TERMFRA01DEAL-TRUCK-01;21/07/2025-00:00:00;23/07/2025-00:00:00;9.0;0.0;;;0.0;6.0;3.0;-3.0;-4.0;1.0;6.0;1.0;7.0
PLT;135;transport0135;GER02TERMFRA01DEAL-TRUCK-01;22/07/2025-00:00:00;24/07/2025-00:00:00;9.0;0.0;;6.0;2.0;4.0;0.0;-3.0;1.0;6.0;1.0;;9.0
PLT;136;transport0136;GER02TERMFRA01DEAL-TRUCK-01;23/07/2025-00:00:00;25/07/2025-00:00:00;9.0;0.0;;3.0;-1.0;1.0;0.0;-2.0;;1.0;;-1.0;7.0
PLT;137;transport0137;GER02TERMFRA01DEAL-TRUCK-01;24/07/2025-00:00:00;26/07/2025-00:00:00;9.0;0.0;;6.0;;6.0;5.0;-4.0;-4.0;-1.0;-3.0;-2.0;
PLT;138;transport0138;GER02TERMFRA01DEAL-TRUCK-01;28/07/2025-00:00:00;30/07/2025-00:00:00;9.0;0.0;;9.0;2.0;;-2.0;1.0;2.0;0.0;-2.0;3.0;
PLT;139;transport0139;GER02TERMFRA01DEAL-TRUCK-01;29/07/2025-00:00:00;31/07/2025-00:00:00;9.0;0.0;;1.0;2.0;9.0;6.0;1.0;-3.0;6.0;3.0;-4.0;1.0
PLT;140;transport0140;GER02TERMFRA01DEAL-TRUCK-01;30/07/2025-00:00:00;01/08/2025-00:00:00;9.0;0.0;;3.0;2.0;3.0;-1.0;0.0;3.0;7.0;;0.0;3.0
PLT;141;transport0141;GER02TERMFRA01DEAL-TRUCK-01;31/07/2025-00:00:00;02/08/2025-00:00:00;9.0;0.0;;2.0;0.0;0.0;0.0;0.0;-3.0;8.0;-4.0;;1.0
PLT;142;transport0142;GER02TERMGER03DEAL-TRUCK-01;02/06/2025-00:00:00;04/06/2025-00:00:00;9.0;0.0;;6.0;;0.0;3.0;-1.0;0.0;5.0;0.0;-4.0;2.0
PLT;143;transport0143;GER02TERMGER03DEAL-TRUCK-01;04/06/2025-00:00:00;06/06/2025-00:00:00;5.0;0.0;;5.0;;7.0;;;0.0;-1.0;5.0;2.0;2.0
PLT;144;transport0144;GER02TERMGER03DEAL-TRUCK-01;05/06/2025-00:00:00;07/06/2025-00:00:00;9.0;0.0;;4.0;;3.0;9.0;3.0;-4.0;3.0;0.0;-4.0;
PLT;145;transport0145;GER02TERMGER03DEAL-TRUCK-01;06/06/2025-00:00:00;08/06/2025-00:00:00;14.0;0.0;;9.0;2.0;8.0;;;1.0;0.0;;1.0;8.0
PLT;146;transport0146;GER02TERMGER03DEAL-TRUCK-01;09/06/2025-00:00:00;11/06/2025-00:00:00;9.0;0.0;;;3.0;4.0;3.0;-2.0;0.0;9.0;-3.0;;3.0
PLT;147;transport0147;GER02TERMGER03DEAL-TRUCK-01;11/06/2025-00:00:00;13/06/2025-00:00:00;5.0;0.0;;4.0;0.0;-3.0;1.0;2.0;;-4.0;-4.0;;6.0
PLT;148;transport0148;GER02TERMGER03DEAL-TRUCK-01;12/06/2025-00:00:00;14/06/2025-00:00:00;9.0;0.0;;;0.0;-2.0;2.0;-2.0;0.0;-2.0;;-3.0;2.0
PLT;149;transport0149;GER02TERMGER03DEAL-TRUCK-01;13/06/2025-00:00:00;15/06/2025-00:00:00;14.0;0.0;;1.0;7.0;5.0;-1.0;0.0;0.0;6.0;-4.0;-1.0;5.0
PLT;150;transport0150;GER02TERMGER03DEAL-TRUCK-01;16/06/2025-00:00:00;18/06/2025-00:00:00;9.0;0.0;;-2.0;-2.0;7.0;1.0;-4.0;3.0;7.0;-2.0;-1.0;8.0
PLT;151;transport0151;GER02TERMGER03DEAL-TRUCK-01;18/06/2025-00:00:00;20/06/2025-00:00:00;5.0;0.0;;-2.0;-2.0;7.0;;-1.0;;3.0;;3.0;1.0
PLT;152;transport0152;GER02TERMGER03DEAL-TRUCK-01;19/06/2025-00:00:00;21/06/2025-00:00:00;9.0;0.0;;-4.0;5.0;6.0;;3.0;2.0;6.0;-2.0;;7.0
PLT;153;transport0153;GER02TERMGER03DEAL-TRUCK-01;20/06/2025-00:00:00;22/06/2025-00:00:00;14.0;0.0;;1.0;1.0;1.0;-5.0;-1.0;-5.0;8.0;-3.0;2.0;7.0
PLT;154;transport0154;GER02TERMGER03DEAL-TRUCK-01;23/06/2025-00:00:00;25/06/2025-00:00:00;9.0;0.0;;3.0;1.0;8.0;-1.0;2.0;-4.0;3.0;-3.0;3.0;6.0
PLT;155;transport0155;GER02TERMGER03DEAL-TRUCK-01;25/06/2025-00:00:00;27/06/2025-00:00:00;5.0;0.0;;;-4.0;-4.0;1.0;;-3.0;2.0;0.0;1.0;-2.0
PLT;156;transport0156;GER02TERMGER03DEAL-TRUCK-01;26/06/2025-00:00:00;28/06/2025-00:00:00;9.0;0.0;;-4.0;-1.0;4.0;-2.0;-1.0;2.0;0.0;1.0;;1.0
PLT;157;transport0157;GER02TERMGER03DEAL-TRUCK-01;27/06/2025-00:00:00;29/06/2025-00:00:00;14.0;0.0;;-5.0;1.0;9.0;-1.0;-2.0;1.0;1.0;-4.0;-1.0;6.0
PLT;158;transport0158;GER02TERMGER03DEAL-TRUCK-01;30/06/2025-00:00:00;02/07/2025-00:00:00;9.0;0.0;;2.0;-2.0;0.0;1.0;-3.0;-1.0;8.0;-2.0;0.0;5.0
PLT;159;transport0159;GER02TERMGER03DEAL-TRUCK-01;02/07/2025-00:00:00;04/07/2025-00:00:00;5.0;0.0;;0.0;-1.0;1.0;-1.0;-3.0;3.0;2.0;-3.0;-3.0;4.0
PLT;160;transport0160;GER02TERMGER03DEAL-TRUCK-01;03/07/2025-00:00:00;05/07/2025-00:00:00;9.0;0.0;;3.0;0.0;7.0;2.0;0.0;3.0;5.0;1.0;;-1.0
PLT;161;transport0161;GER02TERMGER03DEAL-TRUCK-01;04/07/2025-00:00:00;06/07/2025-00:00:00;14.0;0.0;;1.0;1.0;10.0;1.0;1.0;9.0;8.0;1.0;;4.0
PLT;162;transport0162;GER02TERMGER03DEAL-TRUCK-01;07/07/2025-00:00:00;09/07/2025-00:00:00;9.0;0.0;;4.0;;-2.0;-1.0;-2.0;1.0;7.0;-1.0;2.0;-2.0
PLT;163;transport0163;GER02TERMGER03DEAL-TRUCK-01;09/07/2025-00:00:00;11/07/2025-00:00:00;5.0;0.0;;0.0;2.0;;;-2.0;4.0;6.0;2.0;-2.0;-3.0
PLT;164;transport0164;GER02TERMGER03DEAL-TRUCK-01;10/07/2025-00:00:00;12/07/2025-00:00:00;9.0;0.0;;2.0;-1.0;5.0;-2.0;;2.0;5.0;0.0;-2.0;1.0
PLT;165;transport0165;GER02TERMGER03DEAL-TRUCK-01;11/07/2025-00:00:00;13/07/2025-00:00:00;14.0;0.0;;10.0;-2.0;7.0;;-1.0;2.0;0.0;1.0;-2.0;1.0
PLT;166;transport0166;GER02TERMGER03DEAL-TRUCK-01;14/07/2025-00:00:00;16/07/2025-00:00:00;9.0;0.0;;6.0;;;3.0;-4.0;9.0;8.0;0.0;0.0;-2.0
PLT;167;transport0167;GER02TERMGER03DEAL-TRUCK-01;16/07/2025-00:00:00;18/07/2025-00:00:00;5.0;0.0;;4.0;;;2.0;-4.0;7.0;5.0;-1.0;-4.0;-3.0
PLT;168;transport0168;GER02TERMGER03DEAL-TRUCK-01;17/07/2025-00:00:00;19/07/2025-00:00:00;9.0;0.0;;6.0;3.0;-4.0;-3.0;-1.0;2.0;3.0;1.0;-1.0;-3.0
PLT;169;transport0169;GER02TERMGER03DEAL-TRUCK-01;18/07/2025-00:00:00;20/07/2025-00:00:00;14.0;0.0;;10.0;-5.0;-1.0;-4.0;-2.0;4.0;-1.0;-5.0;-2.0;0.0
PLT;170;transport0170;GER02TERMGER03DEAL-TRUCK-01;21/07/2025-00:00:00;23/07/2025-00:00:00;9.0;0.0;;6.0;-3.0;-2.0;-1.0;2.0;8.0;1.0;3.0;3.0;2.0
PLT;171;transport0171;GER02TERMGER03DEAL-TRUCK-01;23/07/2025-00:00:00;25/07/2025-00:00:00;5.0;0.0;;1.0;-1.0;1.0;1.0;-2.0;6.0;7.0;;1.0;-1.0
PLT;172;transport0172;GER02TERMGER03DEAL-TRUCK-01;24/07/2025-00:00:00;26/07/2025-00:00:00;9.0;0.0;;-1.0;;1.0;1.0;-4.0;2.0;;-1.0;8.0;
PLT;173;transport0173;GER02TERMGER03DEAL-TRUCK-01;25/07/2025-00:00:00;27/07/2025-00:00:00;14.0;0.0;;;2.0;-5.0;0.0;-3.0;8.0;-4.0;-3.0;9.0;0.0
PLT;174;transport0174;GER02TERMGER03DEAL-TRUCK-01;28/07/2025-00:00:00;30/07/2025-00:00:00;9.0;0.0;;;-1.0;3.0;-2.0;1.0;9.0;-1.0;;-2.0;
PLT;175;transport0175;GER02TERMGER03DEAL-TRUCK-01;30/07/2025-00:00:00;01/08/2025-00:00:00;5.0;0.0;;0.0;2.0;1.0;-3.0;0.0;2.0;-4.0;-4.0;7.0;3.0
PLT;176;transport0176;GER02TERMGER03DEAL-TRUCK-01;31/07/2025-00:00:00;02/08/2025-00:00:00;9.0;0.0;;-4.0;0.0;1.0;-1.0;0.0;6.0;3.0;2.0;4.0;3.0
PLT;177;transport0177;BEL01TERMGER03DEAL-TRUCK-01;02/06/2025-00:00:00;03/06/2025-00:00:00;4.0;0.0;;;;0.0;-2.0;-3.0;;6.0;4.0;;1.0
PLT;178;transport0178;BEL01TERMGER03DEAL-TRUCK-01;03/06/2025-00:00:00;04/06/2025-00:00:00;4.0;0.0;;12.0;0.0;-1.0;1.0;;;-2.0;;8.0;2.0
PLT;179;transport0179;BEL01TERMGER03DEAL-TRUCK-01;04/06/2025-00:00:00;05/06/2025-00:00:00;4.0;0.0;;-2.0;0.0;-1.0;5.0;0.0;6.0;-3.0;-1.0;5.0;
PLT;180;transport0180;BEL01TERMGER03DEAL-TRUCK-01;09/06/2025-00:00:00;10/06/2025-00:00:00;4.0;0.0;;4.0;-3.0;;1.0;-1.0;-1.0;;-1.0;4.0;4.0
PLT;181;transport0181;BEL01TERMGER03DEAL-TRUCK-01;10/06/2025-00:00:00;11/06/2025-00:00:00;4.0;0.0;;-3.0;;5.0;-3.0;3.0;-2.0;7.0;5.0;1.0;2.0
PLT;182;transport0182;BEL01TERMGER03DEAL-TRUCK-01;11/06/2025-00:00:00;12/06/2025-00:00:00;4.0;0.0;;4.0;6.0;4.0;2.0;-1.0;3.0;1.0;3.0;2.0;6.0
PLT;183;transport0183;BEL01TERMGER03DEAL-TRUCK-01;16/06/2025-00:00:00;17/06/2025-00:00:00;4.0;0.0;;0.0;0.0;4.0;0.0;3.0;3.0;0.0;0.0;-3.0;4.0
PLT;184;transport0184;BEL01TERMGER03DEAL-TRUCK-01;17/06/2025-00:00:00;18/06/2025-00:00:00;4.0;0.0;;2.0;3.0;5.0;1.0;2.0;;;3.0;-3.0;
PLT;185;transport0185;BEL01TERMGER03DEAL-TRUCK-01;18/06/2025-00:00:00;19/06/2025-00:00:00;4.0;0.0;;5.0;3.0;5.0;3.0;-1.0;-3.0;3.0;-1.0;5.0;-3.0
PLT;186;transport0186;BEL01TERMGER03DEAL-TRUCK-01;23/06/2025-00:00:00;24/06/2025-00:00:00;4.0;0.0;;4.0;;2.0;4.0;-1.0;5.0;2.0;;;-1.0
PLT;187;transport0187;BEL01TERMGER03DEAL-TRUCK-01;24/06/2025-00:00:00;25/06/2025-00:00:00;4.0;0.0;;3.0;;;-3.0;-3.0;-3.0;2.0;2.0;4.0;3.0
PLT;188;transport0188;BEL01TERMGER03DEAL-TRUCK-01;25/06/2025-00:00:00;26/06/2025-00:00:00;4.0;0.0;;1.0;4.0;6.0;1.0;2.0;2.0;4.0;4.0;0.0;0.0
PLT;189;transport0189;BEL01TERMGER03DEAL-TRUCK-01;30/06/2025-00:00:00;01/07/2025-00:00:00;4.0;0.0;;-2.0;3.0;-3.0;1.0;3.0;3.0;0.0;3.0;1.0;-3.0
PLT;190;transport0190;BEL01TERMGER03DEAL-TRUCK-01;01/07/2025-00:00:00;02/07/2025-00:00:00;4.0;0.0;;-3.0;-1.0;-2.0;2.0;4.0;5.0;2.0;3.0;3.0;0.0
PLT;191;transport0191;BEL01TERMGER03DEAL-TRUCK-01;02/07/2025-00:00:00;03/07/2025-00:00:00;4.0;0.0;;4.0;2.0;5.0;3.0;-1.0;3.0;1.0;-2.0;4.0;5.0
PLT;192;transport0192;BEL01TERMGER03DEAL-TRUCK-01;07/07/2025-00:00:00;08/07/2025-00:00:00;4.0;0.0;;0.0;;5.0;2.0;-2.0;4.0;3.0;-3.0;2.0;
PLT;193;transport0193;BEL01TERMGER03DEAL-TRUCK-01;08/07/2025-00:00:00;09/07/2025-00:00:00;4.0;0.0;;5.0;2.0;-1.0;3.0;6.0;-3.0;0.0;5.0;3.0;6.0
PLT;194;transport0194;BEL01TERMGER03DEAL-TRUCK-01;09/07/2025-00:00:00;10/07/2025-00:00:00;4.0;0.0;;3.0;;1.0;-3.0;2.0;;;2.0;2.0;-1.0
PLT;195;transport0195;BEL01TERMGER03DEAL-TRUCK-01;14/07/2025-00:00:00;15/07/2025-00:00:00;4.0;0.0;;0.0;1.0;3.0;2.0;;0.0;5.0;-1.0;4.0;-1.0
PLT;196;transport0196;BEL01TERMGER03DEAL-TRUCK-01;15/07/2025-00:00:00;16/07/2025-00:00:00;4.0;0.0;;3.0;;1.0;3.0;-3.0;;;;-2.0;3.0
PLT;197;transport0197;BEL01TERMGER03DEAL-TRUCK-01;16/07/2025-00:00:00;17/07/2025-00:00:00;4.0;0.0;;-3.0;6.0;4.0;-3.0;;3.0;0.0;0.0;;2.0
PLT;198;transport0198;BEL01TERMGER03DEAL-TRUCK-01;21/07/2025-00:00:00;22/07/2025-00:00:00;4.0;0.0;;0.0;1.0;4.0;2.0;3.0;-1.0;;2.0;1.0;-1.0
PLT;199;transport0199;BEL01TERMGER03DEAL-TRUCK-01;22/07/2025-00:00:00;23/07/2025-00:00:00;4.0;0.0;;;5.0;1.0;0.0;4.0;-1.0;1.0;4.0;6.0;3.0
PLT;200;transport0200;BEL01TERMGER03DEAL-TRUCK-01;23/07/2025-00:00:00;24/07/2025-00:00:00;4.0;0.0;;6.0;4.0;0.0;;;5.0;6.0;-1.0;-1.0;
PLT;201;transport0201;BEL01TERMGER03DEAL-TRUCK-01;28/07/2025-00:00:00;29/07/2025-00:00:00;4.0;0.0;;2.0;0.0;-3.0;1.0;1.0;;0.0;2.0;6.0;1.0
PLT;202;transport0202;BEL01TERMGER03DEAL-TRUCK-01;29/07/2025-00:00:00;30/07/2025-00:00:00;4.0;0.0;;2.0;-1.0;0.0;5.0;-1.0;0.0;;-3.0;-2.0;0.0
PLT;203;transport0203;BEL01TERMGER03DEAL-TRUCK-01;30/07/2025-00:00:00;31/07/2025-00:00:00;4.0;0.0;;-1.0;-1.0;-3.0;;2.0;3.0;4.0;3.0;6.0;5.0
PLT;204;transport0204;BEL01TERMFRA01DEAL-TRUCK-01;02/06/2025-00:00:00;03/06/2025-00:00:00;9.0;0.0;;-2.0;4.0;5.0;2.0;-2.0;-4.0;-4.0;4.0;-3.0;2.0
PLT;205;transport0205;BEL01TERMFRA01DEAL-TRUCK-01;03/06/2025-00:00:00;04/06/2025-00:00:00;9.0;0.0;;6.0;0.0;4.0;-1.0;-1.0;-4.0;3.0;1.0;-1.0;
PLT;206;transport0206;BEL01TERMFRA01DEAL-TRUCK-01;04/06/2025-00:00:00;05/06/2025-00:00:00;9.0;0.0;;2.0;2.0;1.0;3.0;-3.0;3.0;1.0;3.0;-1.0;8.0
PLT;207;transport0207;BEL01TERMFRA01DEAL-TRUCK-01;05/06/2025-00:00:00;06/06/2025-00:00:00;9.0;0.0;;;1.0;2.0;;3.0;-2.0;5.0;;-3.0;-2.0
PLT;208;transport0208;BEL01TERMFRA01DEAL-TRUCK-01;06/06/2025-00:00:00;07/06/2025-00:00:00;9.0;0.0;;2.0;3.0;-3.0;10.0;0.0;-4.0;0.0;3.0;0.0;
PLT;209;transport0209;BEL01TERMFRA01DEAL-TRUCK-01;09/06/2025-00:00:00;10/06/2025-00:00:00;9.0;0.0;;;0.0;-3.0;0.0;1.0;5.0;6.0;4.0;-1.0;-2.0
PLT;210;transport0210;BEL01TERMFRA01DEAL-TRUCK-01;10/06/2025-00:00:00;11/06/2025-00:00:00;9.0;0.0;;14.0;-4.0;5.0;5.0;0.0;0.0;;5.0;-1.0;-3.0
PLT;211;transport0211;BEL01TERMFRA01DEAL-TRUCK-01;11/06/2025-00:00:00;12/06/2025-00:00:00;9.0;0.0;;4.0;5.0;;4.0;-1.0;5.0;15.0;-3.0;-1.0;3.0
PLT;212;transport0212;BEL01TERMFRA01DEAL-TRUCK-01;12/06/2025-00:00:00;13/06/2025-00:00:00;9.0;0.0;;;;9.0;-1.0;5.0;2.0;2.0;;-2.0;
PLT;213;transport0213;BEL01TERMFRA01DEAL-TRUCK-01;13/06/2025-00:00:00;14/06/2025-00:00:00;9.0;0.0;;9.0;5.0;0.0;-1.0;5.0;4.0;-1.0;9.0;3.0;13.0
PLT;214;transport0214;BEL01TERMFRA01DEAL-TRUCK-01;16/06/2025-00:00:00;17/06/2025-00:00:00;9.0;0.0;;-1.0;-4.0;1.0;2.0;1.0;-1.0;2.0;0.0;-1.0;-2.0
PLT;215;transport0215;BEL01TERMFRA01DEAL-TRUCK-01;17/06/2025-00:00:00;18/06/2025-00:00:00;9.0;0.0;;2.0;1.0;3.0;-1.0;1.0;1.0;-4.0;;1.0;-3.0
PLT;216;transport0216;BEL01TERMFRA01DEAL-TRUCK-01;18/06/2025-00:00:00;19/06/2025-00:00:00;9.0;0.0;;-4.0;6.0;4.0;3.0;3.0;-3.0;3.0;10.0;2.0;5.0
PLT;217;transport0217;BEL01TERMFRA01DEAL-TRUCK-01;19/06/2025-00:00:00;20/06/2025-00:00:00;9.0;0.0;;;0.0;2.0;4.0;4.0;3.0;;-3.0;1.0;3.0
PLT;218;transport0218;BEL01TERMFRA01DEAL-TRUCK-01;20/06/2025-00:00:00;21/06/2025-00:00:00;9.0;0.0;;11.0;;3.0;-1.0;-2.0;3.0;7.0;;4.0;3.0
PLT;219;transport0219;BEL01TERMFRA01DEAL-TRUCK-01;23/06/2025-00:00:00;24/06/2025-00:00:00;9.0;0.0;;-1.0;-3.0;2.0;3.0;4.0;2.0;-1.0;0.0;-3.0;1.0
PLT;220;transport0220;BEL01TERMFRA01DEAL-TRUCK-01;24/06/2025-00:00:00;25/06/2025-00:00:00;9.0;0.0;;-2.0;4.0;4.0;0.0;0.0;;4.0;4.0;-2.0;3.0
PLT;221;transport0221;BEL01TERMFRA01DEAL-TRUCK-01;25/06/2025-00:00:00;26/06/2025-00:00:00;9.0;0.0;;3.0;-4.0;-2.0;0.0;0.0;5.0;1.0;4.0;5.0;
PLT;222;transport0222;BEL01TERMFRA01DEAL-TRUCK-01;26/06/2025-00:00:00;27/06/2025-00:00:00;9.0;0.0;;3.0;-1.0;-4.0;5.0;5.0;-2.0;-4.0;-4.0;-2.0;13.0
PLT;223;transport0223;BEL01TERMFRA01DEAL-TRUCK-01;27/06/2025-00:00:00;28/06/2025-00:00:00;9.0;0.0;;-4.0;-1.0;1.0;;-2.0;3.0;;4.0;-2.0;-1.0
PLT;224;transport0224;BEL01TERMFRA01DEAL-TRUCK-01;30/06/2025-00:00:00;01/07/2025-00:00:00;9.0;0.0;;-3.0;5.0;6.0;-2.0;-3.0;5.0;;-2.0;-3.0;2.0
PLT;225;transport0225;BEL01TERMFRA01DEAL-TRUCK-01;01/07/2025-00:00:00;02/07/2025-00:00:00;9.0;0.0;;5.0;3.0;-1.0;;1.0;-2.0;4.0;5.0;-1.0;-2.0
PLT;226;transport0226;BEL01TERMFRA01DEAL-TRUCK-01;02/07/2025-00:00:00;03/07/2025-00:00:00;9.0;0.0;;-3.0;0.0;6.0;15.0;6.0;4.0;9.0;2.0;-3.0;1.0
PLT;227;transport0227;BEL01TERMFRA01DEAL-TRUCK-01;03/07/2025-00:00:00;04/07/2025-00:00:00;9.0;0.0;;2.0;3.0;-2.0;-4.0;-2.0;1.0;2.0;3.0;4.0;-2.0
PLT;228;transport0228;BEL01TERMFRA01DEAL-TRUCK-01;04/07/2025-00:00:00;05/07/2025-00:00:00;9.0;0.0;;3.0;-1.0;6.0;-2.0;-4.0;2.0;2.0;2.0;0.0;4.0
PLT;229;transport0229;BEL01TERMFRA01DEAL-TRUCK-01;07/07/2025-00:00:00;08/07/2025-00:00:00;9.0;0.0;;5.0;;1.0;-1.0;6.0;-3.0;-3.0;;;
PLT;230;transport0230;BEL01TERMFRA01DEAL-TRUCK-01;08/07/2025-00:00:00;09/07/2025-00:00:00;9.0;0.0;;3.0;7.0;2.0;-2.0;5.0;;;7.0;9.0;8.0
PLT;231;transport0231;BEL01TERMFRA01DEAL-TRUCK-01;09/07/2025-00:00:00;10/07/2025-00:00:00;9.0;0.0;;4.0;4.0;;1.0;-4.0;11.0;13.0;2.0;;5.0
PLT;232;transport0232;BEL01TERMFRA01DEAL-TRUCK-01;10/07/2025-00:00:00;11/07/2025-00:00:00;9.0;0.0;;-3.0;3.0;17.0;-3.0;2.0;4.0;-4.0;;-2.0;-2.0
PLT;233;transport0233;BEL01TERMFRA01DEAL-TRUCK-01;11/07/2025-00:00:00;12/07/2025-00:00:00;9.0;0.0;;;3.0;2.0;1.0;3.0;4.0;-2.0;-4.0;18.0;2.0
PLT;234;transport0234;BEL01TERMFRA01DEAL-TRUCK-01;14/07/2025-00:00:00;15/07/2025-00:00:00;9.0;0.0;;0.0;-2.0;6.0;1.0;5.0;5.0;4.0;-4.0;0.0;
PLT;235;transport0235;BEL01TERMFRA01DEAL-TRUCK-01;15/07/2025-00:00:00;16/07/2025-00:00:00;9.0;0.0;;-4.0;-3.0;4.0;6.0;4.0;2.0;-2.0;-4.0;4.0;9.0
PLT;236;transport0236;BEL01TERMFRA01DEAL-TRUCK-01;16/07/2025-00:00:00;17/07/2025-00:00:00;9.0;0.0;;3.0;5.0;-4.0;0.0;-3.0;-1.0;-2.0;0.0;-2.0;0.0
PLT;237;transport0237;BEL01TERMFRA01DEAL-TRUCK-01;17/07/2025-00:00:00;18/07/2025-00:00:00;9.0;0.0;;-1.0;2.0;-3.0;-3.0;-2.0;;-1.0;;-2.0;1.0
PLT;238;transport0238;BEL01TERMFRA01DEAL-TRUCK-01;18/07/2025-00:00:00;19/07/2025-00:00:00;9.0;0.0;;-1.0;-1.0;-1.0;4.0;5.0;16.0;3.0;13.0;3.0;5.0
PLT;239;transport0239;BEL01TERMFRA01DEAL-TRUCK-01;21/07/2025-00:00:00;22/07/2025-00:00:00;9.0;0.0;;5.0;;3.0;-2.0;4.0;4.0;-1.0;4.0;-1.0;2.0
PLT;240;transport0240;BEL01TERMFRA01DEAL-TRUCK-01;22/07/2025-00:00:00;23/07/2025-00:00:00;9.0;0.0;;;5.0;0.0;1.0;1.0;0.0;2.0;-2.0;2.0;
PLT;241;transport0241;BEL01TERMFRA01DEAL-TRUCK-01;23/07/2025-00:00:00;24/07/2025-00:00:00;9.0;0.0;;5.0;2.0;-3.0;4.0;-4.0;;-1.0;-4.0;-4.0;10.0
PLT;242;transport0242;BEL01TERMFRA01DEAL-TRUCK-01;24/07/2025-00:00:00;25/07/2025-00:00:00;9.0;0.0;;3.0;4.0;0.0;5.0;1.0;2.0;;5.0;2.0;-3.0
PLT;243;transport0243;BEL01TERMFRA01DEAL-TRUCK-01;25/07/2025-00:00:00;26/07/2025-00:00:00;9.0;0.0;;6.0;-1.0;5.0;-1.0;;13.0;12.0;4.0;-4.0;-3.0
PLT;244;transport0244;BEL01TERMFRA01DEAL-TRUCK-01;28/07/2025-00:00:00;29/07/2025-00:00:00;9.0;0.0;;-2.0;2.0;;4.0;0.0;-1.0;-1.0;0.0;2.0;1.0
PLT;245;transport0245;BEL01TERMFRA01DEAL-TRUCK-01;29/07/2025-00:00:00;30/07/2025-00:00:00;9.0;0.0;;-3.0;-3.0;11.0;-2.0;-4.0;4.0;-1.0;1.0;-2.0;-3.0
PLT;246;transport0246;BEL01TERMFRA01DEAL-TRUCK-01;30/07/2025-00:00:00;31/07/2025-00:00:00;9.0;0.0;;;3.0;-1.0;2.0;0.0;5.0;;4.0;-3.0;-1.0
PLT;247;transport0247;BEL01TERMFRA01DEAL-TRUCK-01;31/07/2025-00:00:00;01/08/2025-00:00:00;9.0;0.0;;12.0;;-1.0;4.0;-2.0;-4.0;12.0;-3.0;4.0;6.0
PLT;248;transport0248;BEL01TERMITA01DEAL-TRUCK-01;02/06/2025-00:00:00;03/06/2025-00:00:00;5.0;0.0;;4.0;3.0;;2.0;;2.0;0.0;5.0;5.0;4.0
PLT;249;transport0249;BEL01TERMITA01DEAL-TRUCK-01;03/06/2025-00:00:00;04/06/2025-00:00:00;5.0;0.0;;5.0;-4.0;7.0;4.0;0.0;;4.0;5.0;-4.0;0.0
PLT;250;transport0250;BEL01TERMITA01DEAL-TRUCK-01;04/06/2025-00:00:00;05/06/2025-00:00:00;5.0;0.0;;4.0;1.0;-1.0;0.0;2.0;12.0;;1.0;-4.0;
PLT;251;transport0251;BEL01TERMITA01DEAL-TRUCK-01;06/06/2025-00:00:00;07/06/2025-00:00:00;5.0;0.0;;2.0;0.0;-2.0;1.0;3.0;2.0;-3.0;1.0;3.0;
PLT;252;transport0252;BEL01TERMITA01DEAL-TRUCK-01;09/06/2025-00:00:00;10/06/2025-00:00:00;5.0;0.0;;;-4.0;3.0;1.0;-1.0;5.0;;3.0;-2.0;1.0
PLT;253;transport0253;BEL01TERMITA01DEAL-TRUCK-01;10/06/2025-00:00:00;11/06/2025-00:00:00;5.0;0.0;;6.0;1.0;3.0;2.0;2.0;4.0;10.0;4.0;-4.0;-1.0
PLT;254;transport0254;BEL01TERMITA01DEAL-TRUCK-01;11/06/2025-00:00:00;12/06/2025-00:00:00;5.0;0.0;;-3.0;5.0;-4.0;0.0;-4.0;-4.0;-4.0;-2.0;5.0;4.0
PLT;255;transport0255;BEL01TERMITA01DEAL-TRUCK-01;13/06/2025-00:00:00;14/06/2025-00:00:00;5.0;0.0;;-3.0;-4.0;-3.0;-4.0;3.0;-3.0;-2.0;4.0;0.0;5.0
PLT;256;transport0256;BEL01TERMITA01DEAL-TRUCK-01;16/06/2025-00:00:00;17/06/2025-00:00:00;5.0;0.0;;4.0;-3.0;5.0;5.0;;-1.0;-1.0;0.0;5.0;-4.0
PLT;257;transport0257;BEL01TERMITA01DEAL-TRUCK-01;17/06/2025-00:00:00;18/06/2025-00:00:00;5.0;0.0;;5.0;;-3.0;;8.0;3.0;-2.0;-1.0;2.0;
PLT;258;transport0258;BEL01TERMITA01DEAL-TRUCK-01;18/06/2025-00:00:00;19/06/2025-00:00:00;5.0;0.0;;-1.0;0.0;1.0;0.0;4.0;0.0;1.0;5.0;4.0;-4.0
PLT;259;transport0259;BEL01TERMITA01DEAL-TRUCK-01;20/06/2025-00:00:00;21/06/2025-00:00:00;5.0;0.0;;0.0;-2.0;3.0;-4.0;4.0;-3.0;-3.0;-2.0;-2.0;2.0
PLT;260;transport0260;BEL01TERMITA01DEAL-TRUCK-01;23/06/2025-00:00:00;24/06/2025-00:00:00;5.0;0.0;;3.0;3.0;5.0;1.0;1.0;0.0;1.0;-3.0;1.0;0.0
PLT;261;transport0261;BEL01TERMITA01DEAL-TRUCK-01;24/06/2025-00:00:00;25/06/2025-00:00:00;5.0;0.0;;1.0;-1.0;2.0;5.0;1.0;5.0;1.0;1.0;-4.0;5.0
PLT;262;transport0262;BEL01TERMITA01DEAL-TRUCK-01;25/06/2025-00:00:00;26/06/2025-00:00:00;5.0;0.0;;4.0;3.0;4.0;-1.0;-3.0;;5.0;5.0;3.0;0.0
PLT;263;transport0263;BEL01TERMITA01DEAL-TRUCK-01;27/06/2025-00:00:00;28/06/2025-00:00:00;5.0;0.0;;4.0;1.0;-4.0;;-3.0;4.0;0.0;-2.0;2.0;5.0
PLT;264;transport0264;BEL01TERMITA01DEAL-TRUCK-01;30/06/2025-00:00:00;01/07/2025-00:00:00;5.0;0.0;;1.0;-1.0;;-3.0;5.0;-2.0;-4.0;-4.0;2.0;
PLT;265;transport0265;BEL01TERMITA01DEAL-TRUCK-01;01/07/2025-00:00:00;02/07/2025-00:00:00;5.0;0.0;;0.0;-1.0;4.0;4.0;;-1.0;4.0;5.0;;10.0
PLT;266;transport0266;BEL01TERMITA01DEAL-TRUCK-01;02/07/2025-00:00:00;03/07/2025-00:00:00;5.0;0.0;;-4.0;-4.0;-4.0;-4.0;4.0;3.0;-2.0;5.0;0.0;2.0
PLT;267;transport0267;BEL01TERMITA01DEAL-TRUCK-01;04/07/2025-00:00:00;05/07/2025-00:00:00;5.0;0.0;;0.0;2.0;2.0;-1.0;0.0;2.0;0.0;-4.0;-2.0;-1.0
PLT;268;transport0268;BEL01TERMITA01DEAL-TRUCK-01;07/07/2025-00:00:00;08/07/2025-00:00:00;5.0;0.0;;-3.0;3.0;-2.0;-1.0;1.0;-1.0;4.0;1.0;3.0;2.0
PLT;269;transport0269;BEL01TERMITA01DEAL-TRUCK-01;08/07/2025-00:00:00;09/07/2025-00:00:00;5.0;0.0;;-3.0;4.0;-2.0;5.0;3.0;3.0;5.0;3.0;5.0;-4.0
PLT;270;transport0270;BEL01TERMITA01DEAL-TRUCK-01;09/07/2025-00:00:00;10/07/2025-00:00:00;5.0;0.0;;1.0;-1.0;5.0;2.0;4.0;;-1.0;4.0;-2.0;3.0
PLT;271;transport0271;BEL01TERMITA01DEAL-TRUCK-01;11/07/2025-00:00:00;12/07/2025-00:00:00;5.0;0.0;;5.0;-3.0;;-1.0;2.0;1.0;4.0;4.0;4.0;
PLT;272;transport0272;BEL01TERMITA01DEAL-TRUCK-01;14/07/2025-00:00:00;15/07/2025-00:00:00;5.0;0.0;;1.0;5.0;-2.0;3.0;2.0;0.0;-2.0;-4.0;1.0;2.0
PLT;273;transport0273;BEL01TERMITA01DEAL-TRUCK-01;15/07/2025-00:00:00;16/07/2025-00:00:00;5.0;0.0;;-4.0;1.0;2.0;-1.0;1.0;5.0;2.0;-3.0;2.0;-1.0
PLT;274;transport0274;BEL01TERMITA01DEAL-TRUCK-01;16/07/2025-00:00:00;17/07/2025-00:00:00;5.0;0.0;;2.0;;5.0;;3.0;4.0;3.0;4.0;-3.0;4.0
PLT;275;transport0275;BEL01TERMITA01DEAL-TRUCK-01;18/07/2025-00:00:00;19/07/2025-00:00:00;5.0;0.0;;0.0;-3.0;-3.0;1.0;-2.0;-1.0;5.0;3.0;;0.0
PLT;276;transport0276;BEL01TERMITA01DEAL-TRUCK-01;21/07/2025-00:00:00;22/07/2025-00:00:00;5.0;0.0;;1.0;;-4.0;3.0;-4.0;-2.0;-2.0;0.0;2.0;-4.0
PLT;277;transport0277;BEL01TERMITA01DEAL-TRUCK-01;22/07/2025-00:00:00;23/07/2025-00:00:00;5.0;0.0;;3.0;9.0;;3.0;1.0;2.0;-2.0;-4.0;4.0;
PLT;278;transport0278;BEL01TERMITA01DEAL-TRUCK-01;23/07/2025-00:00:00;24/07/2025-00:00:00;5.0;0.0;;3.0;3.0;7.0;3.0;5.0;-2.0;-3.0;1.0;3.0;4.0
PLT;279;transport0279;BEL01TERMITA01DEAL-TRUCK-01;25/07/2025-00:00:00;26/07/2025-00:00:00;5.0;0.0;;-3.0;;1.0;-2.0;-2.0;3.0;3.0;;5.0;
PLT;280;transport0280;BEL01TERMITA01DEAL-TRUCK-01;28/07/2025-00:00:00;29/07/2025-00:00:00;5.0;0.0;;0.0;1.0;0.0;-4.0;5.0;4.0;0.0;-1.0;2.0;-3.0
PLT;281;transport0281;BEL01TERMITA01DEAL-TRUCK-01;29/07/2025-00:00:00;30/07/2025-00:00:00;5.0;0.0;;1.0;-1.0;;4.0;-2.0;-1.0;0.0;-4.0;-2.0;1.0
PLT;282;transport0282;BEL01TERMITA01DEAL-TRUCK-01;30/07/2025-00:00:00;31/07/2025-00:00:00;5.0;0.0;;2.0;2.0;3.0;2.0;5.0;2.0;0.0;0.0;;2.0
